23,15,15,0,0,0,0,0,279,1305,4.68,13,87,64,788,12.31,6,5,2,19,0,0
25,15,15,0,0,0,0,0,321,1291,4.02,9,106,85,655,7.71,2,3,2,11,0,0
22,16,16,0,0,0,0,0,272,1327,4.88,8,63,53,455,8.58,3,1,1,11,0,0
22,16,3,0,0,0,0,0,120,728,6.07,8,100,81,826,10.2,5,1,1,14,1,0
24,16,16,0,0,0,0,0,284,1105,3.89,8,83,58,476,8.21,4,1,0,12,0,0
25,15,15,0,0,0,0,0,0,0,0.0,0,174,96,1378,14.35,13,1,1,13,0,0
29,14,14,0,0,0,0,0,0,0,0.0,0,163,101,1533,15.18,9,4,0,9,1,0
28,16,13,0,0,0,0,0,230,1124,4.89,12,71,58,416,7.17,0,3,3,12,0,0
29,16,16,339,553,3983,34,11,95,586,6.17,3,0,0,0,0.0,0,14,3,3,0,2
29,16,16,0,0,0,0,0,287,1138,3.97,6,77,59,448,7.59,2,3,1,8,0,0
28,14,14,0,0,0,0,0,0,0,0.0,0,105,69,1084,15.71,8,1,0,8,1,0
28,15,15,0,1,0,0,1,2,7,3.5,0,122,83,1038,12.51,8,0,0,8,0,0
22,13,13,0,0,0,0,0,268,1040,3.88,9,48,36,302,8.39,1,2,0,10,0,0
25,16,15,0,0,0,0,0,2,9,4.5,0,159,102,1393,13.66,6,1,0,7,0,0
23,15,13,0,1,0,0,1,17,59,3.47,0,105,75,1183,15.77,7,2,0,8,0,0
27,16,16,0,0,0,0,0,0,0,0.0,0,107,61,1101,18.05,9,0,0,9,0,0
28,16,16,0,0,0,0,0,1,15,15.0,0,148,88,1444,16.41,3,0,0,3,0,0
22,10,10,0,0,0,0,0,242,983,4.06,7,38,26,269,10.35,2,1,1,9,0,0
23,16,16,0,0,0,0,0,276,1122,4.07,9,32,23,125,5.43,0,1,1,9,0,0
27,16,16,0,0,0,0,0,240,938,3.91,8,88,59,350,5.93,0,2,1,8,0,0
27,14,13,0,0,0,0,0,0,0,0.0,0,110,74,824,11.14,8,1,1,8,0,0
24,16,15,0,0,0,0,0,9,40,4.44,0,114,65,1082,16.65,7,0,0,7,1,0
28,16,16,291,492,3302,22,16,139,754,5.42,6,0,0,0,0.0,0,9,1,6,1,0
27,16,8,0,0,0,0,0,180,896,4.98,6,35,32,214,6.69,3,0,0,10,0,0
24,16,14,0,0,0,0,0,0,0,0.0,0,149,104,1245,11.97,5,0,0,5,0,0
34,16,16,1,1,21,0,0,0,0,0.0,0,161,109,1156,10.61,6,1,1,6,1,0
29,16,16,0,0,0,0,0,0,0,0.0,0,143,75,1078,14.37,8,2,2,8,0,0
40,16,16,385,581,4577,32,8,25,28,1.12,0,0,0,0,0.0,0,7,3,0,0,2
33,15,15,341,505,4042,26,5,60,355,5.92,1,0,0,0,0.0,0,2,1,1,0,0
27,16,16,0,0,0,0,0,1,11,11.0,0,142,91,1276,14.02,4,3,2,4,0,0
25,14,14,0,0,0,0,0,0,0,0.0,0,117,74,885,11.96,10,0,0,10,0,0
29,16,16,0,0,0,0,0,2,-8,-4.0,0,116,75,991,13.21,8,0,0,8,1,0
25,14,14,0,0,0,0,0,196,865,4.41,7,47,36,317,8.81,1,4,1,8,0,0
25,16,16,0,1,0,0,0,1,-7,-7.0,0,161,112,987,8.81,9,4,2,9,0,0
31,16,13,0,0,0,0,0,0,0,0.0,0,96,57,520,9.12,10,0,0,10,1,0
26,16,13,0,0,0,0,0,238,888,3.73,3,45,36,327,9.08,3,1,0,6,0,0
21,14,7,0,0,0,0,0,0,0,0.0,0,79,58,917,15.81,7,0,0,8,0,0
27,16,16,0,0,0,0,0,0,0,0.0,0,120,57,789,13.84,9,0,0,9,3,0
23,15,11,0,0,0,0,0,1,14,14.0,0,115,64,722,11.28,6,0,0,6,0,0
25,13,13,265,440,3296,33,7,64,299,4.67,0,0,0,0,0.0,0,9,3,0,0,4
24,16,15,0,0,0,0,0,3,9,3.0,0,114,63,941,14.94,7,0,0,7,0,0
24,14,14,0,0,0,0,0,8,13,1.63,0,95,64,849,13.27,8,0,0,8,0,0
29,16,16,347,540,4093,27,13,49,179,3.65,4,0,0,0,0.0,0,13,5,4,0,0
21,16,10,0,0,0,0,0,117,435,3.72,2,113,80,651,8.14,5,2,1,7,0,0
29,16,12,0,0,0,0,0,5,22,4.4,0,120,92,1003,10.9,5,1,1,5,0,1
24,15,15,0,0,0,0,0,0,0,0.0,0,136,71,1001,14.1,5,1,0,5,1,0
23,16,16,0,0,0,0,0,0,0,0.0,0,111,63,840,13.33,8,0,0,8,0,0
23,15,12,0,0,0,0,0,212,973,4.59,6,36,23,187,8.13,0,4,2,6,0,0
26,16,16,0,0,0,0,0,245,1007,4.11,3,40,28,224,8.0,1,1,1,4,1,0
28,16,16,0,0,0,0,0,0,0,0.0,0,81,57,532,9.33,8,0,0,8,0,0
33,16,11,0,0,0,0,0,2,-2,-1.0,1,111,74,807,10.91,3,2,2,4,0,0
29,16,16,371,565,4446,29,10,29,98,3.38,0,0,0,0,0.0,0,11,7,0,1,1
34,16,16,0,0,0,0,0,261,961,3.68,3,38,29,245,8.45,1,3,0,4,0,0
31,15,15,0,0,0,0,0,207,891,4.3,7,31,20,151,7.55,0,1,1,7,0,0
27,16,11,0,0,0,0,0,216,842,3.9,8,17,15,103,6.87,0,1,0,8,0,0
36,16,16,360,575,4515,28,10,18,-2,-0.11,0,0,0,0,0.0,0,8,1,0,0,0
24,16,0,0,0,0,0,0,82,348,4.24,4,93,74,693,9.36,3,4,2,7,0,0
24,16,10,0,0,0,0,0,1,7,7.0,0,95,62,768,12.39,8,0,0,9,0,0
24,15,3,0,0,0,0,0,156,628,4.03,5,39,27,299,11.07,3,1,0,8,0,0
26,16,6,0,0,0,0,0,0,0,0.0,0,77,48,591,12.31,6,1,0,6,0,0
30,16,16,0,0,0,0,0,0,0,0.0,0,140,83,949,11.43,5,1,1,5,0,0
28,16,16,0,0,0,0,0,0,0,0.0,0,109,57,966,16.95,4,2,1,4,0,0
38,16,16,386,536,4334,23,8,33,12,0.36,2,0,0,0,0.0,0,5,0,2,0,0
27,15,15,0,0,0,0,0,0,0,0.0,0,108,80,690,8.63,4,2,2,4,0,0
29,16,16,0,0,0,0,0,1,-4,-4.0,0,132,69,838,12.14,6,1,1,6,0,0
25,16,16,0,0,0,0,0,0,0,0.0,0,105,58,847,14.6,6,4,2,6,0,0
35,15,15,360,561,4251,28,14,28,47,1.68,0,0,0,0,0.0,0,3,1,0,0,2
24,16,16,308,490,3324,22,13,57,357,6.26,6,0,0,0,0.0,0,4,3,6,0,0
29,15,15,0,0,0,0,0,184,659,3.58,6,47,39,266,6.82,1,1,1,7,0,0
24,15,6,0,1,0,0,0,0,0,0.0,0,94,62,869,14.02,5,1,1,5,0,0
30,14,14,0,0,0,0,0,0,0,0.0,0,101,58,618,10.66,8,1,0,8,2,0
35,16,16,0,0,0,0,0,0,0,0.0,0,87,63,560,8.89,5,1,1,5,0,0
27,16,16,0,0,0,0,0,4,44,11.0,0,105,56,962,17.18,2,0,0,2,0,0
25,16,16,0,0,0,0,0,0,0,0.0,0,62,42,404,9.62,7,0,0,7,0,0
27,16,14,0,0,0,0,0,0,0,0.0,0,102,65,810,12.46,5,1,0,5,0,0
23,15,15,296,477,3804,28,7,28,51,1.82,1,0,0,0,0.0,0,8,3,1,0,0
23,14,13,0,0,0,0,0,0,0,0.0,0,62,45,579,12.87,4,0,0,4,0,0
23,9,0,0,0,0,0,0,0,0,0.0,0,0,0,0,0.0,0,0,0,0,0,0
25,16,16,315,523,3687,21,13,57,322,5.65,2,0,0,0,0.0,0,9,3,2,0,3
29,15,14,325,481,3547,22,7,40,160,4.0,1,0,0,0,0.0,0,1,1,1,0,1
32,16,16,342,529,4095,20,12,32,143,4.47,0,0,0,0,0.0,0,4,3,0,0,0
28,15,14,263,420,2799,14,4,84,427,5.08,4,0,0,0,0.0,0,4,2,4,0,0
30,16,16,297,496,3320,25,12,38,99,2.61,0,0,0,0,0.0,0,4,4,0,0,0
24,15,15,281,453,3232,13,15,60,312,5.2,5,0,0,0,0.0,0,2,1,5,0,0
24,16,15,276,469,3098,13,7,63,260,4.13,4,0,0,0,0.0,0,8,3,4,0,0
26,15,15,323,515,3496,22,13,23,66,2.87,0,0,0,0,0.0,0,8,3,0,0,2
38,13,13,267,397,2926,18,9,37,124,3.35,5,0,0,0,0.0,0,11,4,5,0,0
23,13,13,282,442,3504,19,11,33,135,4.09,1,0,0,0,0.0,0,15,7,1,0,1
36,15,15,352,571,3468,19,13,12,26,2.17,1,0,0,0,0.0,0,11,5,1,0,0
32,16,16,352,549,3141,18,13,25,54,2.16,1,0,0,0,0.0,0,6,0,1,0,1
21,15,15,255,476,2894,11,22,77,419,5.44,5,0,0,0,0.0,0,9,6,5,0,0
22,7,6,126,204,1699,19,8,36,269,7.47,2,0,0,0,0.0,0,3,1,2,1,1
34,14,14,266,429,2666,19,14,19,32,1.68,0,0,0,0,0.0,0,6,0,0,0,0
23,12,12,196,330,2193,7,7,41,248,6.05,2,0,0,0,0.0,0,10,3,2,1,0
34,7,7,154,238,1675,16,6,24,126,5.25,0,0,0,0,0.0,0,1,1,0,0,0
25,16,1,0,0,0,0,0,150,570,3.8,3,68,51,421,8.25,2,3,2,5,1,0
26,11,10,206,349,2285,12,14,31,127,4.1,1,0,0,0,0.0,0,5,2,1,0,0
23,16,2,0,0,0,0,0,176,744,4.23,5,17,11,136,12.36,1,1,0,6,0,0
24,11,9,192,316,1836,9,12,36,270,7.5,2,1,1,10,10.0,0,4,2,2,0,1
29,15,10,0,0,0,0,0,178,772,4.34,5,33,23,170,7.39,0,1,1,5,0,0
26,16,0,0,0,0,0,0,153,591,3.86,4,60,46,250,5.43,2,0,0,6,0,0
25,15,11,0,0,0,0,0,171,751,4.39,5,28,19,116,6.11,0,1,0,5,1,0
22,16,7,0,0,0,0,0,153,556,3.63,4,34,25,262,10.48,2,0,0,6,0,0
24,16,16,0,0,0,0,0,206,853,4.14,2,42,28,182,6.5,0,1,1,2,1,0
27,10,1,0,0,0,0,0,64,294,4.59,2,54,39,510,13.08,4,3,2,6,0,0
24,14,8,0,0,0,0,0,208,873,4.2,1,34,24,158,6.58,1,3,2,2,0,0
21,14,7,0,0,0,0,0,178,626,3.52,4,34,30,287,9.57,0,3,2,4,0,0
23,14,12,0,0,0,0,0,1,4,4.0,0,96,48,680,14.17,7,1,0,7,0,0
23,16,6,0,0,0,0,0,133,644,4.84,3,48,32,239,7.47,1,2,2,4,1,0
26,16,2,0,0,0,0,0,105,458,4.36,2,60,43,389,9.05,2,0,0,4,0,0
30,15,10,0,0,0,0,0,198,680,3.43,6,15,8,52,6.5,1,3,3,7,0,0
32,15,10,0,0,0,0,0,10,39,3.9,0,70,53,787,14.85,4,2,0,4,0,0
28,15,15,1,1,51,1,0,4,10,2.5,0,96,67,703,10.49,5,0,0,5,0,0
24,15,14,0,0,0,0,0,0,0,0.0,0,70,39,593,15.21,8,0,0,8,0,0
25,12,11,0,0,0,0,0,2,12,6.0,0,85,56,781,13.95,5,1,1,5,0,0
25,16,13,0,0,0,0,0,0,0,0.0,0,80,44,703,15.98,6,0,0,6,0,0
28,14,11,0,0,0,0,0,1,-3,-3.0,0,87,53,795,15.0,4,0,0,4,0,0
38,7,7,164,267,1978,9,7,14,12,0.86,0,0,0,0,0.0,0,2,0,0,0,0
26,16,5,0,0,0,0,0,84,286,3.4,3,71,53,444,8.38,2,1,1,5,0,0
31,16,11,0,0,0,0,0,173,766,4.43,2,8,8,50,6.25,1,1,1,3,1,0
27,10,3,0,0,0,0,0,64,264,4.13,5,36,30,254,8.47,3,1,0,8,0,0
24,14,11,0,0,0,0,0,165,552,3.35,4,35,25,162,6.48,1,2,1,5,0,0
31,15,14,0,0,0,0,0,1,4,4.0,0,92,52,748,14.38,4,0,0,4,0,0
22,16,4,1,2,21,1,0,87,370,4.25,2,71,53,353,6.66,1,3,2,4,0,0
28,16,3,0,0,0,0,0,13,96,7.38,0,62,34,567,16.68,4,2,0,5,0,0
25,16,15,0,0,0,0,0,0,0,0.0,0,69,43,728,16.93,4,1,1,4,0,0
24,15,6,0,0,0,0,0,7,34,4.86,0,103,66,789,11.95,3,6,3,3,0,0
27,15,14,1,1,10,0,0,9,17,1.89,0,92,66,653,9.89,4,1,0,4,1,0
26,14,14,0,1,0,0,0,1,17,17.0,0,96,56,702,12.54,3,1,0,3,1,0
24,16,6,0,0,0,0,0,0,0,0.0,0,83,42,748,17.81,3,2,1,3,0,0
24,7,5,123,224,1430,4,6,26,136,5.23,3,0,0,0,0.0,0,3,2,3,0,0
31,14,13,0,0,0,0,0,3,38,12.67,0,90,50,668,13.36,3,0,0,3,0,0
26,14,14,0,0,0,0,0,0,0,0.0,0,78,48,692,14.42,3,0,0,3,0,0
26,6,5,120,178,1560,7,5,15,11,0.73,1,1,1,-6,-6.0,0,1,0,1,0,0
22,16,8,0,0,0,0,0,175,603,3.45,1,24,22,182,8.27,1,2,2,2,0,0
24,11,10,0,0,0,0,0,4,4,1.0,0,84,59,731,12.39,2,1,0,2,0,0
25,16,14,0,0,0,0,0,1,-14,-14.0,0,78,35,502,14.34,6,0,0,6,0,0
23,10,10,0,0,0,0,0,2,9,4.5,0,50,28,423,15.11,7,0,0,7,0,0
32,15,15,0,0,0,0,0,0,0,0.0,0,88,53,482,9.09,6,0,0,6,0,0
22,16,0,0,0,0,0,0,105,465,4.43,2,36,21,180,8.57,1,1,0,3,0,0
26,15,8,0,0,0,0,0,6,22,3.67,0,84,50,603,12.06,3,0,0,3,1,0
32,12,4,0,0,0,0,0,103,381,3.7,2,45,37,293,7.92,1,1,1,3,0,0
23,16,0,0,0,0,0,0,74,321,4.34,4,15,10,123,12.3,2,0,0,6,1,0
21,14,0,0,0,0,0,0,93,358,3.85,3,33,21,225,10.71,1,1,0,4,0,0
27,16,7,0,0,0,0,0,0,0,0.0,0,65,45,573,12.73,4,0,0,4,0,0
22,16,0,0,0,0,0,0,47,260,5.53,2,35,27,279,10.33,3,2,2,5,0,0
30,16,16,0,0,0,0,0,0,0,0.0,0,86,54,688,12.74,2,1,1,2,0,0
33,16,16,0,0,0,0,0,0,0,0.0,0,69,43,648,15.07,3,2,2,3,0,0
24,16,9,0,0,0,0,0,0,0,0.0,0,86,53,574,10.83,4,1,1,4,0,0
25,16,8,0,0,0,0,0,10,58,5.8,0,71,45,555,12.33,2,0,0,3,0,0
32,15,8,0,0,0,0,0,0,0,0.0,0,86,61,659,10.8,2,2,0,2,0,0
25,14,4,0,0,0,0,0,43,171,3.98,0,72,56,429,7.66,3,0,0,3,0,0
29,9,7,0,0,0,0,0,3,17,5.67,0,59,34,439,12.91,5,0,0,5,0,0
37,16,12,0,0,0,0,0,0,0,0.0,0,79,61,522,8.56,4,1,0,4,0,0
23,14,14,0,0,0,0,0,0,0,0.0,0,39,26,432,16.62,6,3,2,6,0,0
35,6,3,96,163,1103,7,3,16,76,4.75,0,0,0,0,0.0,0,0,0,0,0,0
25,13,7,0,0,0,0,0,3,6,2.0,0,62,42,554,13.19,3,0,0,3,0,0
31,16,15,0,0,0,0,0,0,0,0.0,0,89,52,548,10.54,3,1,0,3,0,0
24,13,12,0,0,0,0,0,0,0,0.0,0,96,57,670,11.75,1,1,0,1,0,0
25,15,1,0,0,0,0,0,55,232,4.22,4,23,19,202,10.63,1,0,0,5,0,0
27,16,8,0,0,0,0,0,0,0,0.0,0,69,31,477,15.39,4,0,0,4,0,0
23,13,1,0,0,0,0,0,111,476,4.29,0,48,34,193,5.68,1,3,1,1,0,0
23,16,8,0,0,0,0,0,0,0,0.0,0,65,49,526,10.73,3,0,0,3,0,0
23,12,4,0,0,0,0,0,81,448,5.53,4,18,9,22,2.44,0,0,0,4,0,0
23,16,4,0,0,0,0,0,108,423,3.92,3,19,16,114,7.13,0,2,1,3,0,0
24,8,5,0,0,0,0,0,71,273,3.85,3,31,23,173,7.52,1,0,0,4,0,0
28,13,13,0,0,0,0,0,0,0,0.0,0,74,49,558,11.39,2,1,0,2,0,0
27,9,2,0,0,0,0,0,104,383,3.68,5,1,1,15,15.0,0,1,1,5,0,0
24,16,3,0,0,0,0,0,1,6,6.0,0,83,61,631,10.34,1,1,1,1,0,0
27,6,4,96,172,1088,5,5,14,64,4.57,1,0,0,0,0.0,0,2,1,1,0,2
32,10,7,0,0,0,0,0,156,529,3.39,2,19,11,70,6.36,0,3,2,2,0,0
30,12,11,0,0,0,0,0,0,0,0.0,0,92,47,555,11.81,2,0,0,2,0,0
24,11,5,0,0,0,0,0,1,9,9.0,0,48,28,477,17.04,3,0,0,3,0,0
28,11,8,0,0,0,0,0,138,406,2.94,3,18,9,84,9.33,0,1,1,3,1,0
28,16,10,0,0,0,0,0,2,-5,-2.5,0,69,38,555,14.61,2,1,0,2,0,0
28,16,4,0,0,0,0,0,0,0,0.0,0,91,59,614,10.41,1,0,0,1,0,0
29,14,5,0,0,0,0,0,115,547,4.76,1,9,7,45,6.43,0,0,0,1,0,0
25,16,5,0,0,0,0,0,3,37,12.33,0,61,29,508,17.52,2,1,1,2,0,0
32,11,6,123,211,1287,4,4,9,4,0.44,1,0,0,0,0.0,0,3,1,1,0,0
29,14,3,0,0,0,0,0,112,382,3.41,1,28,21,175,8.33,1,2,2,2,0,0
24,15,7,0,0,0,0,0,0,0,0.0,0,63,43,515,11.98,2,0,0,2,0,0
33,16,16,0,0,0,0,0,0,0,0.0,0,48,24,318,13.25,5,0,0,5,1,0
24,13,1,0,0,0,0,0,46,187,4.07,1,46,34,266,7.82,2,0,0,3,0,0
21,16,5,0,0,0,0,0,1,1,1.0,0,60,32,386,12.06,4,0,0,4,0,0
30,16,8,0,1,0,0,0,0,0,0.0,0,83,54,563,10.43,1,0,0,1,0,0
28,5,5,95,171,1086,6,6,23,82,3.57,0,0,0,0,0.0,0,7,2,0,0,1
29,12,12,0,0,0,0,0,0,0,0.0,0,72,40,440,11.0,3,0,0,3,0,0
25,13,0,0,0,0,0,0,79,299,3.78,1,38,30,275,9.17,0,2,1,1,0,0
26,10,8,0,0,0,0,0,0,0,0.0,0,56,39,484,12.41,2,0,0,2,0,0
21,16,2,0,0,0,0,0,0,0,0.0,0,55,34,525,15.44,1,0,0,1,0,0
23,16,2,0,0,0,0,0,88,315,3.58,1,26,17,177,10.41,1,2,2,2,1,0
24,16,1,0,0,0,0,0,56,275,4.91,1,36,27,256,9.48,1,8,3,2,0,0
29,16,13,0,0,0,0,0,0,0,0.0,0,33,21,336,16.0,4,0,0,4,0,0
26,16,6,0,0,0,0,0,120,426,3.55,1,15,10,93,9.3,0,0,0,1,0,0
28,16,14,0,0,0,0,0,2,15,7.5,0,78,53,568,10.72,0,0,0,0,0,0
24,10,0,0,0,0,0,0,49,253,5.16,2,41,30,224,7.47,0,2,1,2,0,0
26,15,1,0,0,0,0,0,0,0,0.0,0,31,23,248,10.78,5,0,0,5,1,0
29,14,13,0,0,0,0,0,0,0,0.0,0,62,41,388,9.46,3,1,0,3,0,0
28,15,4,0,0,0,0,0,0,0,0.0,0,63,36,314,8.72,4,0,0,4,0,0
23,16,14,0,0,0,0,0,0,0,0.0,0,63,43,372,8.65,3,0,0,3,0,0
26,16,2,0,0,0,0,0,13,121,9.31,2,42,31,309,9.97,0,3,0,2,0,0
28,16,14,0,0,0,0,0,1,-3,-3.0,0,67,36,430,11.94,2,0,0,2,0,0
22,4,4,0,0,0,0,0,74,354,4.78,2,16,11,90,8.18,0,1,1,2,0,0
24,15,8,0,0,0,0,0,0,0,0.0,0,72,36,416,11.56,2,0,0,2,0,0
26,16,4,0,0,0,0,0,0,0,0.0,0,56,29,350,12.07,3,1,0,3,0,0
23,15,1,0,0,0,0,0,0,0,0.0,0,60,43,430,10.0,2,1,1,2,0,0
25,13,10,0,0,0,0,0,0,0,0.0,0,74,50,357,7.14,3,1,1,3,0,0
21,10,1,0,0,0,0,0,78,327,4.19,2,8,6,83,13.83,0,2,1,2,0,0
24,12,8,0,0,0,0,0,0,0,0.0,0,47,26,391,15.04,2,0,0,2,0,0
27,8,7,125,223,1412,5,6,4,2,0.5,0,0,0,0,0.0,0,8,7,0,0,0
24,15,0,0,0,0,0,0,57,153,2.68,2,45,34,197,5.79,1,2,1,3,0,0
27,13,0,0,0,0,0,0,0,0,0.0,0,23,15,317,21.13,3,0,0,3,0,0
25,16,6,0,0,0,0,0,0,0,0.0,0,37,23,364,15.83,3,2,2,3,0,0
30,16,12,0,0,0,0,0,0,0,0.0,0,48,30,437,14.57,1,0,0,1,0,0
31,8,8,0,0,0,0,0,0,0,0.0,0,67,40,500,12.5,0,0,0,0,0,0
37,16,4,0,0,0,0,0,0,0,0.0,0,52,30,316,10.53,3,0,0,3,0,0
33,5,4,79,159,894,6,5,9,7,0.78,0,0,0,0,0.0,0,3,0,0,0,0
25,4,2,0,0,0,0,0,1,8,8.0,0,41,25,302,12.08,3,0,0,3,0,0
27,10,5,0,0,0,0,0,1,10,10.0,0,55,21,299,14.24,3,0,0,3,0,0
26,16,4,0,0,0,0,0,8,49,6.13,0,51,33,378,11.45,1,0,0,1,0,0
28,12,2,0,0,0,0,0,20,55,2.75,1,59,39,369,9.46,0,0,0,1,0,0
25,14,6,0,0,0,0,0,0,0,0.0,0,49,30,399,13.3,1,1,0,1,1,0
26,15,7,0,0,0,0,0,0,0,0.0,0,65,43,455,10.58,1,2,2,1,0,0
26,11,6,0,0,0,0,0,3,17,5.67,0,57,29,330,11.38,2,1,0,2,0,0
26,13,0,0,0,0,0,0,18,72,4.0,2,34,27,150,5.56,2,1,0,4,0,0
31,14,0,0,0,0,0,0,69,296,4.29,1,28,23,129,5.61,0,2,2,1,0,0
28,15,7,0,0,0,0,0,1,6,6.0,0,46,24,376,15.67,1,0,0,1,0,0
24,16,4,0,0,0,0,0,0,0,0.0,0,58,33,395,11.97,1,1,1,1,0,0
29,14,14,0,0,0,0,0,0,0,0.0,0,46,33,322,9.76,2,0,0,2,0,0
22,15,10,0,0,0,0,0,0,0,0.0,0,74,27,316,11.7,2,0,0,2,0,0
23,9,8,0,0,0,0,0,0,0,0.0,0,58,23,305,13.26,2,0,0,2,0,0
25,11,1,0,0,0,0,0,0,0,0.0,0,31,19,287,15.11,2,1,0,2,1,0
29,11,0,0,0,0,0,0,0,0,0.0,0,30,22,295,13.41,2,0,0,2,0,0
23,15,4,0,0,0,0,0,1,4,4.0,0,50,27,312,11.56,2,1,1,2,0,0
27,8,3,0,0,0,0,0,2,3,1.5,0,37,18,240,13.33,3,0,0,3,0,0
24,13,4,0,0,0,0,0,2,-9,-4.5,0,38,18,248,13.78,3,0,0,4,0,0
25,15,5,0,0,0,0,0,0,0,0.0,0,32,22,322,14.64,2,1,1,2,0,0
33,4,2,78,127,861,4,5,3,9,3.0,0,0,0,0,0.0,0,0,0,0,0,0
24,15,5,0,0,0,0,0,0,0,0.0,0,52,25,342,13.68,1,0,0,1,0,0
26,5,5,0,0,0,0,0,0,0,0.0,0,42,18,335,18.61,1,0,0,1,0,0
26,16,1,0,0,0,0,0,0,0,0.0,0,29,20,221,11.05,3,1,0,3,0,0
28,12,7,0,0,0,0,0,0,0,0.0,0,44,25,343,13.72,1,0,0,1,0,0
28,16,0,0,1,0,0,1,45,164,3.64,0,53,44,253,5.75,0,0,0,0,0,0
24,7,5,0,0,0,0,0,0,0,0.0,0,51,27,339,12.56,1,1,0,1,0,0
25,11,4,0,0,0,0,0,46,181,3.93,0,28,20,155,7.75,1,0,0,1,0,0
26,16,0,0,0,0,0,0,30,248,8.27,2,4,3,41,13.67,0,1,1,2,0,0
25,7,7,0,0,0,0,0,62,194,3.13,3,7,4,18,4.5,0,0,0,3,0,0
27,16,7,0,0,0,0,0,0,0,0.0,0,22,15,153,10.2,4,0,0,4,0,0
26,11,0,0,0,0,0,0,71,262,3.69,1,9,7,54,7.71,0,0,0,1,0,0
29,12,4,0,0,0,0,0,0,0,0.0,0,43,20,256,12.8,2,0,0,2,0,0
29,16,1,0,0,0,0,0,0,0,0.0,0,48,19,260,13.68,2,0,0,2,0,0
27,16,4,0,0,0,0,0,64,244,3.81,1,11,9,74,8.22,0,0,0,1,0,0
22,10,1,0,0,0,0,0,0,0,0.0,0,28,12,201,16.75,3,0,0,3,0,0
27,16,0,0,0,0,0,0,21,95,4.52,0,47,35,249,7.11,1,1,1,1,0,0
27,14,0,0,0,0,0,0,9,29,3.22,0,26,20,240,12.0,2,1,1,2,0,0
24,6,6,0,0,0,0,0,68,240,3.53,0,18,15,131,8.73,0,0,0,0,0,0
26,14,10,0,0,0,0,0,7,31,4.43,0,42,33,315,9.55,1,2,2,1,0,0
32,12,0,0,0,0,0,0,66,247,3.74,1,17,14,78,5.57,0,2,1,1,0,0
24,11,1,0,0,0,0,0,63,246,3.9,1,11,9,53,5.89,0,1,0,1,0,0
22,11,9,0,0,0,0,0,0,0,0.0,0,65,34,375,11.03,0,1,1,0,0,0
29,16,14,0,0,0,0,0,0,0,0.0,0,32,24,235,9.79,2,0,0,2,0,0
23,16,2,0,0,0,0,0,1,13,13.0,0,32,16,244,15.25,2,1,1,2,0,0
31,16,13,0,0,0,0,0,0,0,0.0,0,26,17,177,10.41,3,0,0,3,0,0
24,16,16,0,0,0,0,0,0,0,0.0,0,45,25,295,11.8,1,0,0,1,0,0
26,16,1,0,0,0,0,0,0,0,0.0,0,18,9,218,24.22,3,3,2,3,0,0
23,16,9,0,0,0,0,0,0,0,0.0,0,61,27,357,13.22,0,0,0,0,0,0
33,8,6,0,0,0,0,0,0,0,0.0,0,35,20,236,11.8,2,0,0,2,0,0
23,10,1,0,0,0,0,0,0,0,0.0,0,32,22,225,10.23,2,0,0,2,0,0
23,11,4,0,0,0,0,0,3,8,2.67,0,37,23,284,12.35,1,0,0,1,0,0
26,13,0,0,0,0,0,0,5,42,8.4,0,27,19,173,9.11,1,4,0,2,0,0
26,11,1,0,0,0,0,0,0,0,0.0,0,40,21,244,11.62,2,1,1,2,0,0
28,7,3,57,101,537,5,2,11,3,0.27,0,0,0,0,0.0,0,6,2,0,0,0
28,4,4,93,140,833,4,5,4,4,1.0,0,0,0,0,0.0,0,5,3,0,0,0
25,4,1,46,75,517,4,5,10,71,7.1,0,0,0,0,0.0,0,1,0,0,0,0
23,8,3,0,0,0,0,0,47,174,3.7,1,18,13,103,7.92,0,0,0,1,0,0
30,4,3,47,97,523,4,3,5,51,10.2,0,0,0,0,0.0,0,5,1,0,0,0
23,4,3,0,0,0,0,0,49,208,4.24,0,8,7,59,8.43,1,0,0,1,0,0
27,6,5,0,0,0,0,0,0,0,0.0,0,35,27,211,7.81,2,1,0,2,0,0
22,16,4,0,0,0,0,0,8,43,5.38,0,28,16,231,14.44,1,0,0,1,0,0
25,16,0,0,0,0,0,0,3,12,4.0,0,22,13,203,15.62,2,2,1,2,0,0
25,10,7,0,0,0,0,0,0,0,0.0,0,36,25,282,11.28,1,1,1,1,0,0
28,16,0,0,0,0,0,0,0,0,0.0,0,25,18,198,11.0,2,0,0,2,0,0
23,13,7,0,0,0,0,0,0,0,0.0,0,14,12,127,10.58,3,0,0,3,0,0
27,16,9,0,0,0,0,0,59,270,4.58,1,22,13,47,3.62,0,5,4,1,0,0
24,8,3,0,0,0,0,0,1,12,12.0,0,17,10,105,10.5,2,0,0,3,0,0
24,5,0,0,0,0,0,0,42,165,3.93,2,2,2,14,7.0,0,0,0,2,0,0
29,14,2,0,0,0,0,0,0,0,0.0,0,22,13,120,9.23,3,0,0,3,0,0
28,9,2,0,0,0,0,0,0,0,0.0,0,37,20,240,12.0,1,0,0,1,0,0
30,9,7,0,0,0,0,0,0,0,0.0,0,44,30,286,9.53,0,0,0,0,0,0
24,16,0,0,0,0,0,0,0,0,0.0,0,22,16,226,14.13,1,0,0,1,0,0
26,16,7,0,0,0,0,0,0,0,0.0,0,35,18,224,12.44,1,0,0,1,0,0
24,16,0,0,0,0,0,0,31,124,4.0,2,6,4,38,9.5,0,0,0,2,0,0
27,15,3,0,0,0,0,0,2,19,9.5,0,32,17,202,11.88,1,1,0,1,0,0
22,16,13,0,0,0,0,0,0,0,0.0,0,30,18,157,8.72,2,0,0,2,0,0
24,3,0,0,0,0,0,0,21,79,3.76,0,17,14,128,9.14,1,0,0,1,0,0
30,2,2,32,43,382,3,0,2,-3,-1.5,0,0,0,0,0.0,0,0,0,0,0,0
24,16,2,0,0,0,0,0,1,4,4.0,0,16,14,143,10.21,2,1,0,2,0,0
22,11,0,0,0,0,0,0,0,0,0.0,0,34,16,257,16.06,0,0,0,0,0,0
25,14,6,0,0,0,0,0,0,0,0.0,0,21,9,142,15.78,2,0,0,2,0,0
29,16,9,0,0,0,0,0,0,0,0.0,0,35,18,203,11.28,1,0,0,1,0,0
26,5,4,0,0,0,0,0,39,138,3.54,2,4,2,23,11.5,0,1,1,2,0,0
32,8,0,0,0,0,0,0,14,56,4.0,0,39,33,200,6.06,0,0,0,0,0,0
29,16,16,0,0,0,0,0,0,0,0.0,0,22,14,191,13.64,1,0,0,1,0,0
27,10,7,0,0,0,0,0,0,0,0.0,0,24,14,188,13.43,1,0,0,1,0,0
32,7,7,0,0,0,0,0,0,0,0.0,0,38,17,191,11.24,1,0,0,1,0,0
26,4,3,55,112,544,1,3,7,55,7.86,0,0,0,0,0.0,0,1,0,0,0,0
25,16,0,0,0,0,0,0,5,16,3.2,0,16,12,180,15.0,1,6,1,1,0,0
27,7,6,0,0,0,0,0,0,0,0.0,0,26,13,158,12.15,1,0,0,1,1,0
29,8,2,0,0,0,0,0,0,0,0.0,0,27,22,217,9.86,1,3,2,1,0,0
26,14,14,0,0,0,0,0,0,0,0.0,0,29,15,180,12.0,1,0,0,1,0,0
23,15,2,0,0,0,0,0,0,0,0.0,0,39,23,253,11.0,0,2,1,0,0,0
27,16,10,0,0,0,0,0,5,5,1.0,2,11,6,43,7.17,1,0,0,3,0,0
27,9,3,0,0,0,0,0,69,179,2.59,0,6,6,47,7.83,0,0,0,0,0,0
24,12,3,0,0,0,0,0,58,157,2.71,0,13,9,94,10.44,0,1,1,0,0,0
24,15,11,0,0,0,0,0,0,0,0.0,0,37,28,203,7.25,0,0,0,0,1,0
28,9,0,0,0,0,0,0,23,96,4.17,0,19,16,119,7.44,0,0,0,0,0,0
23,10,0,0,0,0,0,0,0,0,0.0,0,11,6,77,12.83,2,4,2,3,0,0
25,11,3,0,0,0,0,0,1,1,1.0,0,29,19,162,8.53,1,0,0,1,0,0
25,15,1,0,0,0,0,0,0,0,0.0,0,19,12,160,13.33,1,0,0,1,0,0
25,16,1,0,0,0,0,0,0,0,0.0,0,24,14,149,10.64,1,0,0,1,0,0
23,16,8,0,0,0,0,0,0,0,0.0,0,39,21,212,10.1,0,0,0,0,0,0
24,15,2,0,0,0,0,0,1,7,7.0,0,18,12,194,16.17,0,0,0,0,0,0
22,16,7,0,0,0,0,0,0,0,0.0,0,35,20,200,10.0,0,1,0,0,0,0
32,16,10,0,0,0,0,0,0,0,0.0,0,24,13,130,10.0,1,0,0,1,0,0
27,2,0,29,43,265,1,1,4,8,2.0,1,0,0,0,0.0,0,0,0,1,0,0
25,15,11,0,0,0,0,0,0,0,0.0,0,23,11,132,12.0,1,0,0,1,0,0
25,14,4,0,0,0,0,0,0,0,0.0,0,36,18,149,8.28,1,1,1,1,0,0
25,5,5,0,0,0,0,0,0,0,0.0,0,16,11,175,15.91,0,0,0,0,0,0
30,7,7,0,0,0,0,0,0,0,0.0,0,17,8,121,15.13,1,0,0,1,0,0
21,9,4,0,0,0,0,0,4,64,16.0,0,26,15,115,7.67,0,0,0,0,0,0
26,15,12,0,0,0,0,0,0,0,0.0,0,14,12,122,10.17,1,0,0,2,0,0
25,14,12,0,0,0,0,0,0,0,0.0,0,11,8,121,15.13,1,0,0,1,0,0
24,15,4,0,0,0,0,0,0,0,0.0,0,15,12,124,10.33,1,0,0,1,0,0
27,13,1,0,0,0,0,0,16,57,3.56,1,8,5,56,11.2,0,3,0,1,0,0
33,16,6,0,0,0,0,0,0,0,0.0,0,16,12,107,8.92,1,1,0,1,0,0
25,15,0,0,0,0,0,0,2,14,7.0,0,14,10,116,11.6,1,1,1,1,0,0
28,2,1,0,0,0,0,0,26,108,4.15,1,0,0,0,0.0,0,0,0,1,0,0
28,6,1,0,0,0,0,0,23,53,2.3,1,11,9,56,6.22,0,0,0,1,0,0
27,13,0,0,0,0,0,0,18,95,5.28,1,1,1,2,2.0,0,0,0,1,0,0
32,4,3,0,0,0,0,0,45,114,2.53,0,6,5,43,8.6,0,0,0,0,0,0
24,15,6,0,0,0,0,0,0,0,0.0,0,12,10,95,9.5,1,0,0,1,0,0
22,16,1,0,0,0,0,0,0,0,0.0,0,24,11,104,9.45,1,0,0,1,0,0
27,16,8,0,0,0,0,0,0,0,0.0,0,22,10,86,8.6,1,0,0,1,0,0
25,13,2,0,0,0,0,0,3,27,9.0,0,19,6,85,14.17,0,3,1,1,0,0
24,7,0,0,0,0,0,0,6,19,3.17,0,28,17,133,7.82,0,0,0,0,0,0
28,16,8,0,0,0,0,0,0,0,0.0,0,9,4,88,22.0,1,0,0,1,0,0
23,2,2,30,45,295,2,3,5,30,6.0,0,0,0,0,0.0,0,2,1,0,0,0
33,5,5,0,0,0,0,0,0,0,0.0,0,33,18,154,8.56,0,0,0,0,0,0
29,16,3,0,0,0,0,0,14,40,2.86,1,8,6,47,7.83,0,0,0,1,0,0
24,14,4,0,0,0,0,0,0,0,0.0,0,15,10,92,9.2,1,0,0,1,0,0
22,14,0,0,0,0,0,0,32,144,4.5,0,1,0,0,0.0,0,0,0,0,0,0
24,16,1,0,0,0,0,0,7,13,1.86,1,8,7,68,9.71,0,0,0,1,0,0
30,16,0,0,0,0,0,0,2,32,16.0,1,3,2,47,23.5,0,0,0,1,0,0
27,16,11,0,0,0,0,0,1,-8,-8.0,0,22,16,125,7.81,1,2,2,1,0,0
27,2,1,24,43,265,1,1,2,15,7.5,0,0,0,0,0.0,0,0,0,0,0,0
25,8,3,0,0,0,0,0,0,0,0.0,0,15,8,144,18.0,0,0,0,0,0,0
28,12,0,0,0,0,0,0,9,43,4.78,1,7,6,33,5.5,0,1,0,1,0,0
23,11,4,0,0,0,0,0,41,90,2.2,0,10,8,46,5.75,0,0,0,0,0,0
30,13,1,0,0,0,0,0,0,0,0.0,0,14,6,81,13.5,1,1,0,1,0,0
25,10,2,0,0,0,0,0,0,0,0.0,0,20,13,142,10.92,0,1,0,0,0,0
28,15,7,0,0,0,0,0,0,0,0.0,0,44,15,133,8.87,0,0,0,0,0,0
27,8,1,0,0,0,0,0,0,0,0.0,0,14,8,128,16.0,0,0,0,0,0,0
25,14,2,0,0,0,0,0,0,0,0.0,0,20,13,129,9.92,0,0,0,0,0,0
22,16,1,0,0,0,0,0,1,6,6.0,0,19,11,84,7.64,0,3,1,1,0,0
26,5,5,0,0,0,0,0,0,0,0.0,0,22,14,127,9.07,0,0,0,0,0,0
25,7,7,0,0,0,0,0,37,116,3.14,0,4,4,16,4.0,0,1,0,0,0,0
21,11,7,0,0,0,0,0,2,2,1.0,0,17,6,63,10.5,1,0,0,1,0,0
25,16,4,0,0,0,0,0,3,0,0.0,1,3,2,6,3.0,1,0,0,2,0,0
26,12,2,0,0,0,0,0,0,0,0.0,0,9,7,67,9.57,1,0,0,1,0,0
28,12,0,0,0,0,0,0,7,18,2.57,0,6,5,47,9.4,1,0,0,1,0,0
23,11,8,0,0,0,0,0,2,6,3.0,0,18,15,86,5.73,1,1,1,1,0,0
24,8,0,0,0,0,0,0,0,0,0.0,0,9,2,60,30.0,1,0,0,1,0,0
25,6,0,0,0,0,0,0,0,0,0.0,0,6,4,62,15.5,1,0,0,1,0,0
25,14,0,0,0,0,0,0,30,129,4.3,0,3,3,14,4.67,0,1,1,0,0,0
30,14,10,0,0,0,0,0,0,0,0.0,0,17,13,121,9.31,0,0,0,0,0,0
27,4,0,0,0,0,0,0,11,51,4.64,1,3,1,1,1.0,0,0,0,1,0,0
23,16,0,0,0,0,0,0,9,48,5.33,1,0,0,0,0.0,0,0,0,1,0,0
25,5,0,0,0,0,0,0,7,13,1.86,0,2,2,36,18.0,1,0,0,1,0,0
29,14,10,0,0,0,0,0,0,0,0.0,0,10,6,52,8.67,1,0,0,1,0,0
24,16,4,0,0,0,0,0,6,12,2.0,1,6,4,35,8.75,0,0,0,1,0,0
26,8,0,0,0,0,0,0,35,83,2.37,0,11,6,26,4.33,0,0,0,0,0,0
23,5,0,0,0,0,0,0,11,23,2.09,0,11,6,87,14.5,0,0,0,0,0,0
23,3,1,0,0,0,0,0,0,0,0.0,0,9,5,54,10.8,1,0,0,1,0,0
34,3,0,0,0,0,0,0,15,61,4.07,0,12,7,73,10.43,0,1,1,0,0,0
24,15,2,0,0,0,0,0,7,27,3.86,0,13,6,82,13.67,0,0,0,0,0,0
27,12,4,0,0,0,0,0,7,28,4.0,0,5,2,8,4.0,1,0,0,1,0,0
22,1,1,22,35,284,0,1,7,10,1.43,0,0,0,0,0.0,0,0,0,0,0,0
29,2,0,9,16,56,2,0,4,-3,-0.75,0,0,0,0,0.0,0,1,0,0,0,0
26,8,0,0,0,0,0,0,0,0,0.0,0,6,5,96,19.2,0,0,0,0,0,0
28,14,8,0,0,0,0,0,2,4,2.0,0,19,13,94,7.23,0,0,0,0,0,0
23,4,2,24,49,252,2,5,7,23,3.29,0,0,0,0,0.0,0,2,0,0,0,0
22,7,1,0,0,0,0,0,0,0,0.0,0,21,8,101,12.63,0,0,0,0,0,0
27,2,1,21,36,212,1,0,4,12,3.0,0,0,0,0,0.0,0,2,2,0,0,0
23,2,0,0,0,0,0,0,0,0,0.0,0,4,3,38,12.67,1,0,0,1,0,0
27,16,3,0,0,0,0,0,0,0,0.0,0,6,4,39,9.75,1,0,0,1,0,0
24,7,3,0,0,0,0,0,0,0,0.0,0,13,8,100,12.5,0,0,0,0,0,0
23,10,1,0,0,0,0,0,0,0,0.0,0,23,11,95,8.64,0,0,0,0,0,0
25,16,1,0,0,0,0,0,0,0,0.0,0,11,8,92,11.5,0,0,0,0,0,0
25,15,2,0,0,0,0,0,0,0,0.0,0,9,5,32,6.4,1,0,0,1,0,0
22,15,1,0,0,0,0,0,0,0,0.0,0,17,9,94,10.44,0,0,0,0,0,0
28,3,1,23,28,239,1,1,8,-10,-1.25,0,0,0,0,0.0,0,1,1,0,0,0
29,12,5,0,0,0,0,0,0,0,0.0,0,5,4,30,7.5,1,0,0,1,0,0
23,16,0,0,0,0,0,0,4,5,1.25,0,7,6,41,6.83,0,1,1,1,0,0
23,8,1,0,0,0,0,0,0,0,0.0,0,7,5,93,18.6,0,1,0,0,0,0
22,3,1,0,0,0,0,0,3,8,2.67,0,1,1,18,18.0,1,0,0,1,0,0
26,8,0,0,0,0,0,0,14,26,1.86,1,1,0,0,0.0,0,0,0,1,0,0
24,16,0,0,0,0,0,0,2,13,6.5,0,7,5,70,14.0,0,0,0,0,0,0
28,11,1,0,0,0,0,0,0,0,0.0,0,17,10,78,7.8,0,0,0,0,0,0
26,7,1,0,0,0,0,0,0,0,0.0,0,10,4,23,5.75,1,0,0,1,0,0
24,11,3,0,0,0,0,0,0,0,0.0,0,35,10,77,7.7,0,0,0,0,0,0
28,11,1,0,0,0,0,0,0,0,0.0,0,8,6,76,12.67,0,0,0,0,0,0
30,4,0,0,0,0,0,0,1,2,2.0,0,7,5,18,3.6,0,0,0,1,0,0
30,16,9,0,0,0,0,0,0,0,0.0,0,11,8,76,9.5,0,0,0,0,0,0
25,11,1,0,0,0,0,0,0,0,0.0,0,10,6,82,13.67,0,0,0,0,0,0
24,1,0,19,23,134,0,0,1,22,22.0,0,0,0,0,0.0,0,0,0,0,0,0
23,13,0,0,0,0,0,0,0,0,0.0,0,6,5,84,16.8,0,3,0,0,0,0
24,15,3,0,0,0,0,0,0,0,0.0,0,17,7,76,10.86,0,1,0,0,0,0
26,13,0,0,0,0,0,0,0,0,0.0,0,13,9,80,8.89,0,0,0,0,0,0
25,7,2,0,0,0,0,0,0,0,0.0,0,18,9,84,9.33,0,0,0,0,0,0
27,16,0,0,0,0,0,0,13,67,5.15,0,4,1,7,7.0,0,0,0,0,0,0
27,14,3,0,0,0,0,0,0,0,0.0,0,11,8,71,8.88,0,0,0,0,0,0
23,14,0,0,0,0,0,0,0,0,0.0,0,12,7,69,9.86,0,0,0,0,0,0
24,12,1,0,0,0,0,0,0,0,0.0,0,11,6,70,11.67,0,0,0,0,0,0
23,16,0,0,0,0,0,0,0,0,0.0,0,13,8,71,8.88,0,0,0,0,0,0
29,13,0,0,0,0,0,0,0,0,0.0,0,9,5,70,14.0,0,0,0,0,0,0
22,7,0,0,0,0,0,0,11,37,3.36,0,2,2,36,18.0,0,0,0,0,0,0
26,1,1,0,0,0,0,0,11,23,2.09,0,9,6,67,11.17,0,2,1,0,0,0
24,8,3,0,0,0,0,0,0,0,0.0,0,2,2,65,32.5,0,0,0,0,0,0
23,4,0,0,0,0,0,0,9,32,3.56,0,8,6,36,6.0,0,0,0,0,0,0
24,15,0,0,1,0,0,1,0,0,0.0,0,9,5,113,22.6,0,1,1,0,0,0
25,11,7,0,0,0,0,0,0,0,0.0,0,16,8,92,11.5,0,1,1,0,0,0
23,11,5,0,0,0,0,0,0,0,0.0,0,3,2,13,6.5,1,0,0,1,0,0
23,6,1,0,0,0,0,0,1,6,6.0,0,18,5,79,15.8,0,1,1,0,0,0
24,8,4,0,0,0,0,0,0,0,0.0,0,6,5,58,11.6,0,0,0,0,0,0
27,10,1,0,0,0,0,0,2,4,2.0,1,1,0,0,0.0,0,0,0,1,0,0
24,16,3,0,0,0,0,0,0,0,0.0,0,7,5,38,7.6,0,0,0,0,1,0
26,16,0,0,0,0,0,0,2,2,1.0,1,1,0,0,0.0,0,0,0,1,0,0
23,5,0,0,0,0,0,0,20,44,2.2,0,2,2,14,7.0,0,0,0,0,0,0
25,16,4,0,0,0,0,0,6,24,4.0,0,3,2,35,17.5,0,0,0,0,0,0
23,6,1,0,0,0,0,0,2,33,16.5,0,7,3,31,10.33,0,0,0,0,0,0
26,5,0,0,0,0,0,0,0,0,0.0,0,2,2,53,26.5,0,0,0,0,0,0
27,2,0,0,0,0,0,0,0,0,0.0,0,5,4,46,11.5,0,0,0,0,0,0
24,4,0,0,0,0,0,0,4,12,3.0,0,11,8,38,4.75,0,0,0,0,0,0
24,15,1,0,0,0,0,0,1,5,5.0,0,11,4,42,10.5,0,0,0,0,0,0
24,15,0,0,0,0,0,0,8,23,2.88,0,7,4,31,7.75,0,0,0,0,0,0
25,5,1,22,37,185,0,0,9,-2,-0.22,0,0,0,0,0.0,0,2,1,0,0,0
30,15,6,0,0,0,0,0,0,0,0.0,0,4,4,46,11.5,0,0,0,0,0,0
28,9,2,0,0,0,0,0,0,0,0.0,0,2,1,46,46.0,0,0,0,0,0,0
26,1,0,0,0,0,0,0,7,41,5.86,0,2,2,7,3.5,0,0,0,0,0,0
25,16,2,0,0,0,0,0,5,13,2.6,0,10,7,39,5.57,0,0,0,0,0,0
23,15,3,0,0,0,0,0,0,0,0.0,0,7,4,46,11.5,0,0,0,0,0,0
31,16,0,2,7,35,0,1,8,54,6.75,0,0,0,0,0.0,0,0,0,0,0,0
26,11,0,0,0,0,0,0,0,0,0.0,0,17,3,51,17.0,0,0,0,0,0,0
27,7,0,0,0,0,0,0,0,0,0.0,0,7,3,44,14.67,0,0,0,0,0,0
26,13,3,0,0,0,0,0,0,0,0.0,0,4,3,19,6.33,0,0,0,0,1,0
24,9,0,0,0,0,0,0,0,0,0.0,0,4,3,39,13.0,0,1,0,0,0,0
26,4,0,0,0,0,0,0,8,29,3.63,0,1,1,11,11.0,0,0,0,0,0,0
22,2,0,0,0,0,0,0,0,0,0.0,0,14,4,41,10.25,0,0,0,0,0,0
23,16,0,0,0,0,0,0,5,13,2.6,0,5,4,29,7.25,0,0,0,0,0,0
29,16,7,0,0,0,0,0,0,0,0.0,0,10,6,38,6.33,0,0,0,0,0,0
23,4,3,0,0,0,0,0,0,0,0.0,0,6,3,35,11.67,0,0,0,0,0,0
26,11,0,0,0,0,0,0,3,17,5.67,0,2,2,21,10.5,0,1,0,0,0,0
25,16,14,0,0,0,0,0,0,0,0.0,0,4,3,36,12.0,0,0,0,0,0,0
24,14,4,0,0,0,0,0,2,1,0.5,0,7,6,43,7.17,0,0,0,0,0,0
26,3,1,0,0,0,0,0,0,0,0.0,0,6,4,38,9.5,0,0,0,0,0,0
24,8,3,0,0,0,0,0,0,0,0.0,0,2,2,25,12.5,0,0,0,0,0,0
21,13,1,0,0,0,0,0,0,0,0.0,0,9,4,33,8.25,0,0,0,0,0,0
23,1,0,0,0,0,0,0,0,0,0.0,0,2,2,31,15.5,0,0,0,0,0,0
27,16,7,0,0,0,0,0,2,8,4.0,0,7,2,20,10.0,0,0,0,0,0,0
23,12,3,0,0,0,0,0,0,0,0.0,0,13,3,26,8.67,0,0,0,0,0,0
28,16,9,0,0,0,0,0,2,-2,-1.0,0,10,7,28,4.0,0,0,0,0,0,0
23,10,0,0,0,0,0,0,0,0,0.0,0,8,5,45,9.0,0,1,1,0,0,0
24,3,0,11,23,126,0,1,1,-1,-1.0,0,0,0,0,0.0,0,0,0,0,0,0
26,2,0,0,0,0,0,0,0,0,0.0,0,1,1,26,26.0,0,0,0,0,0,0
28,6,0,0,0,0,0,0,0,0,0.0,0,6,3,25,8.33,0,0,0,0,0,0
27,3,0,7,14,66,0,0,0,0,0.0,0,0,0,0,0.0,0,0,0,0,0,0
23,7,0,0,0,0,0,0,1,15,15.0,0,5,2,18,9.0,0,1,0,0,0,0
26,16,0,0,0,0,0,0,8,30,3.75,0,1,1,3,3.0,0,0,0,0,0,0
25,16,5,0,0,0,0,0,0,0,0.0,0,4,4,31,7.75,0,0,0,0,0,0
23,5,0,0,0,0,0,0,0,0,0.0,0,3,3,27,9.0,0,0,0,0,0,0
25,16,3,0,0,0,0,0,0,0,0.0,0,5,5,26,5.2,0,0,0,0,0,0
24,15,2,0,0,0,0,0,0,0,0.0,0,2,2,25,12.5,0,0,0,0,0,0
27,6,0,0,0,0,0,0,6,25,4.17,0,3,2,9,4.5,0,0,0,0,0,0
25,8,0,0,0,0,0,0,9,25,2.78,0,0,0,0,0.0,0,0,0,0,0,0
27,1,0,0,0,0,0,0,0,0,0.0,0,4,3,30,10.0,0,0,0,0,0,0
25,16,3,0,0,0,0,0,4,9,2.25,0,4,2,8,4.0,0,0,0,0,0,0
35,2,1,25,42,162,1,2,0,0,0.0,0,0,0,0,0.0,0,2,2,0,0,0
24,12,1,0,0,0,0,0,0,0,0.0,0,4,2,18,9.0,0,0,0,0,0,0
24,10,0,0,0,0,0,0,1,5,5.0,0,4,3,16,5.33,0,0,0,0,0,0
25,16,0,0,0,0,0,0,4,21,5.25,0,1,0,0,0.0,0,0,0,0,0,0
28,16,0,0,1,0,0,0,5,14,2.8,0,3,1,10,10.0,0,0,0,0,0,0
26,13,4,0,0,0,0,0,0,0,0.0,0,2,2,22,11.0,0,0,0,0,0,0
23,4,0,0,0,0,0,0,0,0,0.0,0,3,2,15,7.5,0,0,0,0,0,0
25,16,4,0,0,0,0,0,0,0,0.0,0,4,2,17,8.5,0,0,0,0,0,0
24,1,1,0,0,0,0,0,0,0,0.0,0,1,1,17,17.0,0,0,0,0,0,0
24,15,6,0,0,0,0,0,0,0,0.0,0,5,3,19,6.33,0,0,0,0,0,0
27,2,0,0,0,0,0,0,0,0,0.0,0,6,4,23,5.75,0,0,0,0,0,0
26,2,1,0,0,0,0,0,0,0,0.0,0,7,1,24,24.0,0,1,0,0,0,0
29,9,0,0,0,0,0,0,0,0,0.0,0,2,1,12,12.0,0,0,0,0,0,0
22,4,0,0,0,0,0,0,3,14,4.67,0,0,0,0,0.0,0,0,0,0,0,0
33,2,0,0,0,0,0,0,0,0,0.0,0,3,1,8,8.0,0,0,0,0,0,0
22,5,0,0,0,0,0,0,0,0,0.0,0,3,2,11,5.5,0,0,0,0,0,0
27,3,1,0,0,0,0,0,0,0,0.0,0,6,1,8,8.0,0,0,0,0,0,0
24,1,0,1,1,10,0,0,1,2,2.0,0,0,0,0,0.0,0,0,0,0,0,0
26,16,0,0,0,0,0,0,0,0,0.0,0,5,2,12,6.0,0,0,0,0,0,0
24,5,0,0,0,0,0,0,5,14,2.8,0,0,0,0,0.0,0,0,0,0,0,0
29,8,0,0,0,0,0,0,0,0,0.0,0,2,1,11,11.0,0,0,0,0,0,0
25,11,0,0,0,0,0,0,6,30,5.0,0,0,0,0,0.0,0,1,1,0,0,0
25,4,0,0,0,0,0,0,0,0,0.0,0,1,1,5,5.0,0,0,0,0,0,0
23,1,1,0,0,0,0,0,0,0,0.0,0,4,2,13,6.5,0,0,0,0,0,0
24,2,0,1,3,2,0,0,2,13,6.5,0,0,0,0,0.0,0,0,0,0,0,0
30,1,1,9,18,128,0,2,2,2,1.0,0,0,0,0,0.0,0,1,0,0,0,0
24,10,0,0,0,0,0,0,5,8,1.6,0,0,0,0,0.0,0,0,0,0,0,0
32,16,0,0,0,0,0,0,1,0,0.0,0,2,1,5,5.0,0,0,0,0,0,0
25,1,1,0,0,0,0,0,0,0,0.0,0,4,2,6,3.0,0,0,0,0,0,0
34,3,0,2,8,17,0,0,2,-2,-1.0,0,0,0,0,0.0,0,0,0,0,0,0
29,3,0,0,0,0,0,0,0,0,0.0,0,0,0,0,0.0,0,0,0,0,0,0
24,1,0,0,0,0,0,0,0,0,0.0,0,0,0,0,0.0,0,0,0,0,0,0
22,9,0,0,0,0,0,0,0,0,0.0,0,0,0,0,0.0,0,0,0,0,0,0
23,8,0,0,0,0,0,0,0,0,0.0,0,0,0,0,0.0,0,0,0,0,0,0
24,1,0,5,7,11,0,0,0,0,0.0,0,0,0,0,0.0,0,0,0,0,0,0
24,16,0,0,0,0,0,0,0,0,0.0,0,0,0,0,0.0,0,0,0,0,0,0
23,4,0,0,0,0,0,0,0,0,0.0,0,0,0,0,0.0,0,0,0,0,0,0
23,13,0,0,0,0,0,0,0,0,0.0,0,4,0,0,0.0,0,0,0,0,0,0
24,1,0,0,0,0,0,0,0,0,0.0,0,0,0,0,0.0,0,0,0,0,0,0
30,7,3,0,0,0,0,0,0,0,0.0,0,3,2,2,1.0,0,0,0,0,0,0
31,1,0,0,0,0,0,0,3,-2,-0.67,0,0,0,0,0.0,0,0,0,0,0,0
28,3,0,0,0,0,0,0,1,-1,-1.0,0,0,0,0,0.0,0,0,0,0,0,0
25,2,0,0,0,0,0,0,0,0,0.0,0,0,0,0,0.0,0,0,0,0,0,0
22,4,0,0,0,0,0,0,1,1,1.0,0,0,0,0,0.0,0,0,0,0,0,0
31,1,0,0,0,0,0,0,0,0,0.0,0,0,0,0,0.0,0,0,0,0,0,0
26,2,0,0,0,0,0,0,0,0,0.0,0,0,0,0,0.0,0,0,0,0,0,0
23,3,0,0,0,0,0,0,0,0,0.0,0,1,1,4,4.0,0,0,0,0,0,0
23,14,0,0,0,0,0,0,0,0,0.0,0,0,0,0,0.0,0,0,0,0,0,0
33,16,0,0,0,0,0,0,0,0,0.0,0,0,0,0,0.0,0,0,0,0,0,0
25,4,0,0,0,0,0,0,0,0,0.0,0,1,1,1,1.0,0,0,0,0,0,0
24,2,0,0,0,0,0,0,1,-2,-2.0,0,0,0,0,0.0,0,0,0,0,0,0
23,3,0,0,0,0,0,0,0,0,0.0,0,0,0,0,0.0,0,0,0,0,0,0
25,4,0,0,0,0,0,0,0,0,0.0,0,1,1,3,3.0,0,0,0,0,0,0
35,2,1,0,0,0,0,0,1,2,2.0,0,0,0,0,0.0,0,0,0,0,0,0
25,5,1,0,0,0,0,0,0,0,0.0,0,1,0,0,0.0,0,0,0,0,0,0
25,3,0,0,0,0,0,0,0,0,0.0,0,0,0,0,0.0,0,0,0,0,0,0
25,8,0,0,0,0,0,0,0,0,0.0,0,0,0,0,0.0,0,0,0,0,0,0
24,2,0,0,0,0,0,0,0,0,0.0,0,0,0,0,0.0,0,0,0,0,0,0
24,2,0,0,0,0,0,0,0,0,0.0,0,1,1,3,3.0,0,0,0,0,0,0
25,1,0,0,0,0,0,0,0,0,0.0,0,0,0,0,0.0,0,0,0,0,0,0
23,5,0,0,0,0,0,0,0,0,0.0,0,1,1,4,4.0,0,0,0,0,0,0
31,1,0,0,0,0,0,0,0,0,0.0,0,0,0,0,0.0,0,0,0,0,0,0
30,1,0,0,0,0,0,0,1,-2,-2.0,0,0,0,0,0.0,0,0,0,0,0,0
24,1,0,0,0,0,0,0,0,0,0.0,0,0,0,0,0.0,0,0,0,0,0,0
30,14,1,0,0,0,0,0,0,0,0.0,0,2,0,0,0.0,0,0,0,0,0,0
25,3,0,0,0,0,0,0,0,0,0.0,0,1,1,3,3.0,0,0,0,0,0,0
30,1,0,0,0,0,0,0,0,0,0.0,0,0,0,0,0.0,0,0,0,0,0,0
25,1,0,0,0,0,0,0,0,0,0.0,0,0,0,0,0.0,0,0,0,0,0,0
23,14,0,0,0,0,0,0,0,0,0.0,0,0,0,0,0.0,0,0,0,0,0,0
32,9,0,0,0,0,0,0,0,0,0.0,0,0,0,0,0.0,0,0,0,0,0,0
24,11,4,0,0,0,0,0,0,0,0.0,0,0,0,0,0.0,0,0,0,0,0,0
29,16,16,0,0,0,0,0,0,0,0.0,0,0,0,0,0.0,0,0,0,0,0,0
30,1,0,0,0,0,0,0,2,0,0.0,0,2,0,0,0.0,0,0,0,0,0,0
27,14,0,0,0,0,0,0,0,0,0.0,0,0,0,0,0.0,0,0,0,0,0,0
25,1,0,0,0,0,0,0,0,0,0.0,0,0,0,0,0.0,0,0,0,0,0,0
34,8,0,6,8,36,0,1,5,-5,-1.0,0,0,0,0,0.0,0,0,0,0,0,0
32,2,0,0,2,0,0,0,5,-5,-1.0,0,0,0,0,0.0,0,0,0,0,0,0
22,11,0,0,0,0,0,0,1,4,4.0,0,13,4,29,7.25,0,6,2,0,0,0
23,8,0,0,0,0,0,0,1,-1,-1.0,0,1,1,12,12.0,0,5,1,0,0,0
29,16,0,0,0,0,0,0,0,0,0.0,0,4,1,12,12.0,0,4,1,0,0,0
23,3,1,0,0,0,0,0,1,12,12.0,0,2,0,0,0.0,0,1,1,0,0,0
24,3,0,3,5,24,0,1,0,0,0.0,0,0,0,0,0.0,0,0,0,0,0,0
26,1,0,0,1,0,0,0,1,0,0.0,0,0,0,0,0.0,0,1,1,0,0,0
25,1,0,0,2,0,0,1,3,-3,-1.0,0,0,0,0,0.0,0,0,0,0,0,0
23,8,0,0,0,0,0,0,4,1,0.25,0,3,3,0,0.0,0,2,1,0,0,0
