24,14,14,0,0,0,0,0,256,1251,4.89,17,81,59,580,9.83,4,1,1,21,3,0
21,16,16,0,0,0,0,0,261,1307,5.01,11,121,91,721,7.92,4,0,0,15,1,0
22,16,16,1,1,50,1,0,219,1098,5.01,7,124,107,867,8.1,6,4,1,13,0,0
23,15,13,0,0,0,0,0,194,883,4.55,14,105,81,709,8.75,4,1,0,18,3,0
23,16,16,383,580,5097,50,12,60,272,4.53,2,0,0,0,0.0,0,9,2,2,1,0
24,16,16,0,0,0,0,0,22,151,6.86,1,137,87,1479,17.0,12,0,0,14,0,0
23,15,15,0,0,0,0,0,304,1434,4.72,6,95,77,567,7.36,3,6,1,9,0,0
29,16,16,0,0,0,0,0,0,0,0.0,0,150,103,1336,12.97,10,2,1,10,0,0
30,15,15,0,1,0,0,0,0,0,0.0,0,168,104,1297,12.47,15,0,0,15,0,0
26,15,15,0,0,0,0,0,0,0,0.0,0,169,111,1386,12.49,13,0,0,13,1,0
26,16,16,0,1,0,0,0,1,-7,-7.0,0,163,115,1572,13.67,11,2,2,11,0,0
29,16,16,0,0,0,0,0,2,12,6.0,0,170,113,1677,14.84,8,2,2,8,0,0
25,12,12,0,0,0,0,0,175,885,5.06,10,66,50,490,9.8,4,1,0,14,2,0
23,13,12,0,0,0,0,0,215,973,4.53,12,71,55,497,9.04,1,4,2,13,2,0
25,16,16,0,0,0,0,0,1,10,10.0,0,136,88,1377,15.65,5,0,0,5,1,0
25,16,16,0,0,0,0,0,0,0,0.0,0,138,86,1524,17.72,8,2,1,9,0,0
28,16,16,0,0,0,0,0,0,0,0.0,0,156,116,1163,10.03,8,1,0,8,0,0
28,16,16,0,0,0,0,0,5,30,6.0,0,153,113,1373,12.15,9,1,1,9,1,0
25,16,16,0,0,0,0,0,0,0,0.0,0,147,125,1405,11.24,9,2,2,9,0,0
25,16,8,0,1,0,0,0,3,-8,-2.67,1,110,66,750,11.36,13,1,1,14,0,0
33,16,16,422,608,4924,35,7,33,125,3.79,3,1,1,5,5.0,1,10,5,4,0,2
22,16,13,0,0,0,0,0,1,13,13.0,0,166,111,1426,12.85,7,1,1,7,1,0
23,11,11,0,0,0,0,0,181,824,4.55,7,35,26,378,14.54,7,0,0,14,0,0
22,14,13,0,0,0,0,0,237,1168,4.93,8,55,43,296,6.88,1,0,0,9,0,0
26,16,16,0,0,0,0,0,19,157,8.26,1,130,86,1219,14.17,6,0,0,7,0,0
27,16,16,0,0,0,0,0,258,940,3.64,7,76,50,446,8.92,3,3,2,10,1,0
36,16,16,452,675,5129,34,16,31,98,3.16,3,1,1,-1,-1.0,0,7,2,3,0,4
26,16,3,0,0,0,0,0,94,425,4.52,5,123,87,751,8.63,7,0,0,12,0,0
24,15,8,0,0,0,0,0,192,1037,5.4,9,47,35,241,6.89,1,0,0,10,0,0
24,16,12,2,3,14,0,0,215,1059,4.93,12,18,15,99,6.6,0,1,1,12,0,0
23,16,16,345,505,4165,26,9,99,551,5.57,5,0,0,0,0.0,0,9,3,5,0,0
26,16,14,0,0,0,0,0,13,69,5.31,0,70,57,965,16.93,10,2,0,10,1,0
25,15,14,0,0,0,0,0,10,62,6.2,0,149,102,1021,10.01,9,0,0,9,1,0
25,16,16,0,0,0,0,0,10,68,6.8,1,117,80,1204,15.05,5,1,0,6,0,0
26,16,14,0,0,0,0,0,9,75,8.33,0,136,97,1196,12.33,6,3,1,6,1,0
29,14,14,0,0,0,0,0,0,0,0.0,0,120,76,1270,16.71,6,0,0,6,0,0
24,14,14,0,0,0,0,0,247,1151,4.66,9,24,20,163,8.15,0,3,2,9,0,0
29,16,16,430,639,4593,39,15,46,148,3.22,0,2,1,4,4.0,0,6,1,0,0,2
31,16,14,0,0,0,0,0,0,0,0.0,0,101,68,896,13.18,6,0,0,6,0,0
23,16,9,0,0,0,0,0,192,996,5.19,8,29,20,149,7.45,2,0,0,10,0,0
26,12,12,2,2,106,2,0,5,19,3.8,0,124,77,1052,13.66,6,2,1,6,0,0
33,16,16,0,0,0,0,0,251,1042,4.15,7,26,20,208,10.4,1,3,2,8,0,0
35,16,16,372,597,4442,25,2,43,269,6.26,2,0,0,0,0.0,0,6,3,2,1,2
24,14,14,0,1,0,0,0,2,3,1.5,0,108,76,1028,13.53,7,0,0,7,0,0
24,16,16,364,561,4688,32,12,43,108,2.51,2,0,0,0,0.0,0,12,5,2,0,3
23,16,7,1,1,1,1,0,99,444,4.48,3,91,71,725,10.21,5,7,3,8,0,0
24,16,5,0,0,0,0,0,6,27,4.5,0,92,64,821,12.83,10,2,1,10,0,0
25,16,14,0,0,0,0,0,167,800,4.79,4,44,32,276,8.63,5,2,0,9,0,0
22,12,10,0,0,0,0,0,195,908,4.66,9,26,17,103,6.06,1,2,2,10,2,0
24,16,15,0,0,0,0,0,250,935,3.74,9,26,20,145,7.25,0,2,1,9,0,0
24,15,15,0,0,0,0,0,2,20,10.0,0,107,75,1005,13.4,7,2,2,7,0,0
39,15,15,364,489,3992,32,5,31,22,0.71,4,1,1,1,1.0,0,5,1,4,0,1
24,16,5,0,0,0,0,0,7,28,4.0,1,66,43,664,15.44,10,0,0,11,1,0
25,15,13,0,0,0,0,0,1,8,8.0,0,119,70,1063,15.19,5,1,0,5,0,0
26,16,14,1,2,63,0,0,3,60,20.0,1,149,81,976,12.05,4,1,1,5,0,1
24,16,7,0,0,0,0,0,120,535,4.46,4,73,53,477,9.0,5,2,1,9,0,0
32,12,12,2,2,43,0,0,9,107,11.89,0,108,74,850,11.49,6,1,0,6,0,0
30,16,16,280,427,3448,35,7,67,376,5.61,0,1,1,-11,-11.0,0,10,2,0,0,1
27,14,14,0,0,0,0,0,210,973,4.63,5,35,25,163,6.52,1,1,1,6,0,0
31,12,12,1,1,28,1,0,4,53,13.25,1,98,71,868,12.23,4,1,0,5,0,0
27,16,16,0,0,0,0,0,1,2,2.0,0,76,54,569,10.54,6,1,1,6,1,0
24,12,8,0,0,0,0,0,133,728,5.47,8,35,26,206,7.92,1,1,1,9,0,0
22,16,5,0,0,0,0,0,0,0,0.0,0,95,59,842,14.27,7,4,1,7,1,0
24,16,7,0,0,0,0,0,0,0,0.0,0,88,71,660,9.3,4,0,0,4,1,0
22,16,14,0,0,0,0,0,0,0,0.0,0,88,56,639,11.41,4,0,0,4,0,0
29,16,16,0,0,0,0,0,0,0,0.0,0,82,64,634,9.91,4,0,0,4,0,0
28,13,13,0,0,0,0,0,0,0,0.0,0,92,65,843,12.97,6,1,0,6,0,0
24,10,8,0,0,0,0,0,0,0,0.0,0,48,34,565,16.62,5,0,0,5,0,0
25,16,16,356,526,3885,22,8,75,305,4.07,6,1,0,0,0.0,0,12,6,6,1,1
37,16,16,347,508,4308,32,12,18,7,0.39,0,0,0,0,0.0,0,2,1,0,0,5
23,16,16,0,0,0,0,0,6,55,9.17,0,112,65,891,13.71,4,1,0,4,0,0
29,13,11,0,0,0,0,0,0,0,0.0,0,72,47,682,14.51,3,1,1,3,0,0
35,16,16,1,1,32,1,0,0,0,0.0,0,112,69,734,10.64,6,0,0,6,1,0
25,16,16,0,0,0,0,0,3,33,11.0,0,107,66,872,13.21,4,1,0,4,1,0
29,16,16,1,2,5,1,0,7,44,6.29,0,94,66,838,12.7,4,2,1,4,1,0
23,14,13,0,0,0,0,0,153,814,5.32,3,31,27,261,9.67,2,1,1,5,0,0
25,2,0,0,0,0,0,0,0,0,0.0,0,0,0,0,0.0,0,0,0,0,0,0
28,15,14,0,0,0,0,0,0,0,0.0,0,72,50,610,12.2,4,2,1,4,0,0
29,14,14,320,471,3395,24,13,101,488,4.83,4,0,0,0,0.0,0,6,0,4,0,2
30,16,16,425,606,4298,30,10,44,123,2.8,1,1,1,-1,-1.0,0,9,7,1,0,3
41,16,16,375,570,4355,29,11,23,35,1.52,2,1,1,6,6.0,0,4,2,2,0,0
24,14,14,289,434,3223,24,12,68,421,6.19,3,0,0,0,0.0,0,6,3,3,0,4
37,16,16,380,576,4299,21,11,15,20,1.33,1,0,0,0,0.0,0,7,4,1,0,3
23,14,13,310,486,3725,27,14,39,131,3.36,0,1,0,0,0.0,0,7,3,0,1,1
27,16,16,381,553,4049,19,10,24,47,1.96,1,1,1,-9,-9.0,0,12,7,1,0,1
30,16,16,365,586,3890,18,15,26,93,3.58,2,0,0,0,0.0,0,11,2,2,0,0
30,16,16,367,555,3777,21,11,25,71,2.84,0,0,0,0,0.0,0,6,4,0,0,0
22,12,11,169,320,2074,10,12,89,631,7.09,8,1,0,0,0.0,0,8,2,8,0,1
24,11,9,244,378,2992,19,14,49,281,5.73,1,0,0,0,0.0,0,7,3,1,0,0
26,11,11,279,401,3074,21,7,34,93,2.74,0,1,1,4,4.0,0,9,6,0,0,1
31,11,11,226,365,2566,21,11,16,99,6.19,0,0,0,0,0.0,0,1,0,0,0,0
25,14,13,228,331,2528,11,8,64,357,5.58,2,1,1,21,21.0,0,9,2,2,0,0
26,13,12,243,403,2718,13,11,58,365,6.29,1,0,0,0,0.0,0,8,4,1,0,0
21,13,13,239,414,2865,17,15,44,138,3.14,1,0,0,0,0.0,0,5,2,1,0,0
36,8,7,164,246,2366,17,12,36,152,4.22,2,0,0,0,0.0,0,4,1,2,0,1
21,16,7,99,170,1201,6,3,147,695,4.73,5,2,0,0,0.0,0,12,4,5,0,0
30,11,11,176,274,1979,17,9,32,145,4.53,0,1,1,3,3.0,1,5,4,1,0,0
34,10,10,205,328,2180,10,5,41,168,4.1,1,0,0,0,0.0,0,6,1,1,0,0
33,9,9,232,379,2465,12,6,19,45,2.37,0,0,0,0,0.0,0,3,1,0,0,0
23,13,8,0,0,0,0,0,209,931,4.45,6,11,7,50,7.14,0,1,1,6,0,0
24,16,16,0,0,0,0,0,234,871,3.72,5,29,20,92,4.6,1,1,1,6,0,0
23,14,3,0,0,0,0,0,106,554,5.23,3,53,39,404,10.36,3,1,1,6,0,0
23,8,8,176,274,2277,13,10,18,-16,-0.89,0,0,0,0,0.0,0,2,0,0,0,1
29,12,6,0,0,0,0,0,138,645,4.67,6,27,21,170,8.1,1,3,1,7,0,0
25,13,6,0,0,0,0,0,143,685,4.79,6,28,21,152,7.24,0,0,0,6,0,0
25,14,5,0,0,0,0,0,104,414,3.98,1,78,55,487,8.85,4,1,1,5,0,0
25,16,9,0,1,0,0,0,9,98,10.89,0,101,66,717,10.86,5,3,2,6,0,0
25,16,10,0,0,0,0,0,2,11,5.5,0,105,76,816,10.74,5,2,0,5,0,0
21,14,13,217,393,2278,11,14,23,138,6.0,0,0,0,0,0.0,0,10,5,0,0,1
30,18,8,0,0,0,0,0,7,76,10.86,0,113,74,795,10.74,4,3,0,4,1,0
23,11,10,0,0,0,0,0,133,615,4.62,2,49,40,305,7.63,2,2,2,4,0,0
32,12,10,0,0,0,0,0,6,29,4.83,1,74,41,774,18.88,4,0,0,5,0,0
28,16,6,0,0,0,0,0,140,578,4.13,6,26,22,141,6.41,0,0,0,6,1,0
23,16,15,0,1,0,0,0,1,0,0.0,0,102,56,652,11.64,7,1,0,7,1,0
21,10,7,0,0,0,0,0,118,641,5.43,3,39,32,213,6.66,1,1,1,4,0,0
25,14,9,0,0,0,0,0,2,-8,-4.0,0,94,50,752,15.04,6,2,2,6,0,0
25,15,2,0,0,0,0,0,112,514,4.59,4,42,34,214,6.29,1,0,0,5,0,0
30,9,9,0,0,0,0,0,0,0,0.0,0,77,46,694,15.09,6,2,1,6,0,0
28,16,15,0,0,0,0,0,3,4,1.33,0,97,42,715,17.02,5,0,0,5,0,0
28,16,7,0,0,0,0,0,155,517,3.34,1,67,59,400,6.78,1,1,1,2,0,0
29,16,9,0,0,0,0,0,172,723,4.2,4,24,18,116,6.44,0,3,3,4,0,0
21,16,10,0,0,0,0,0,13,172,13.23,0,82,55,788,14.33,2,4,3,2,0,0
25,16,16,1,1,15,0,0,3,32,10.67,0,97,64,736,11.5,4,1,0,4,0,0
23,8,8,0,0,0,0,0,133,439,3.3,5,26,22,185,8.41,1,0,0,6,0,0
27,12,12,0,0,0,0,0,0,0,0.0,0,71,41,737,17.98,4,0,0,4,0,0
22,16,4,0,0,0,0,0,85,314,3.69,2,81,63,425,6.75,2,1,0,4,0,0
25,13,12,0,0,0,0,0,1,9,9.0,0,94,55,754,13.71,4,1,1,4,0,0
22,13,8,0,0,0,0,0,8,84,10.5,2,65,39,494,12.67,5,1,1,7,0,0
31,15,15,0,0,0,0,0,0,0,0.0,0,89,59,677,11.47,5,0,0,5,0,0
26,15,15,1,1,3,1,0,0,0,0.0,0,64,37,553,14.95,6,1,0,6,1,0
26,16,10,0,0,0,0,0,2,15,7.5,0,65,41,653,15.93,5,2,0,5,0,0
25,8,8,0,0,0,0,0,4,25,6.25,0,55,40,566,14.15,6,0,0,6,0,0
24,10,10,0,0,0,0,0,114,411,3.61,7,21,15,105,7.0,1,3,3,8,0,0
33,15,14,0,0,0,0,0,1,-2,-2.0,0,88,63,739,11.73,3,1,0,3,1,0
23,16,9,0,0,0,0,0,1,-1,-1.0,0,84,42,704,16.76,4,0,0,4,0,0
30,14,13,0,0,0,0,0,161,514,3.19,3,46,34,238,7.0,0,0,0,3,0,0
30,13,13,0,0,0,0,0,0,0,0.0,0,73,50,618,12.36,5,0,0,5,0,0
35,14,14,0,0,0,0,0,156,722,4.63,0,16,12,124,10.33,1,1,0,1,0,0
21,16,11,0,0,0,0,0,2,7,3.5,0,79,43,586,13.63,5,1,1,5,1,0
25,16,1,0,0,0,0,0,55,259,4.71,1,81,68,607,8.93,0,3,2,1,0,0
24,16,6,0,0,0,0,0,87,364,4.18,3,35,28,230,8.21,2,2,1,5,1,0
23,11,6,0,0,0,0,0,137,718,5.24,2,2,2,20,10.0,0,0,0,2,1,0
28,14,7,0,0,0,0,0,172,571,3.32,5,16,10,33,3.3,0,2,1,5,0,0
22,14,8,0,0,0,0,0,130,521,4.01,5,20,14,72,5.14,0,1,1,5,0,0
24,15,4,1,1,8,0,0,6,26,4.33,0,54,33,423,12.82,7,1,0,7,0,0
23,16,8,0,0,0,0,0,121,464,3.83,3,41,27,210,7.78,0,0,0,3,1,0
29,16,4,0,1,0,0,0,0,0,0.0,0,87,65,672,10.34,3,0,0,3,0,0
25,9,5,105,176,1003,6,2,25,130,5.2,2,0,0,0,0.0,0,4,1,2,0,1
27,16,11,0,0,0,0,0,9,61,6.78,0,93,67,688,10.27,2,1,1,2,0,0
25,16,2,0,0,0,0,0,40,201,5.03,0,62,47,429,9.13,3,1,0,3,2,0
25,16,14,0,0,0,0,0,0,0,0.0,0,89,48,668,13.92,3,1,1,3,0,0
24,11,8,0,0,0,0,0,3,36,12.0,0,64,45,577,12.82,3,0,0,3,1,0
28,9,9,0,0,0,0,0,0,0,0.0,0,62,35,508,14.51,5,0,0,5,0,0
22,12,7,0,0,0,0,0,3,35,11.67,0,68,43,590,13.72,3,0,0,3,0,0
31,16,16,0,0,0,0,0,0,0,0.0,0,100,54,607,11.24,3,0,0,3,0,0
24,14,12,0,0,0,0,0,0,0,0.0,0,79,44,549,12.48,4,0,0,4,0,0
24,13,1,0,0,0,0,0,0,0,0.0,0,53,39,572,14.67,4,2,1,4,0,0
32,16,8,0,0,0,0,0,154,418,2.71,5,15,10,67,6.7,0,2,1,5,0,0
27,16,2,0,0,0,0,0,150,499,3.33,2,27,20,154,7.7,0,0,0,2,0,0
23,12,7,0,0,0,0,0,1,-2,-2.0,0,45,27,467,17.3,5,2,0,5,0,0
32,16,12,0,0,0,0,0,0,0,0.0,0,89,55,636,11.56,2,0,0,2,0,0
27,15,5,0,0,0,0,0,42,228,5.43,1,28,21,247,11.76,3,1,1,5,0,0
26,16,3,0,0,0,0,0,50,256,5.12,4,24,23,160,6.96,2,1,1,6,0,0
22,14,5,0,0,0,0,0,120,511,4.26,3,13,7,58,8.29,0,1,1,3,1,0
25,6,5,102,169,1252,8,7,19,69,3.63,1,0,0,0,0.0,0,5,3,1,0,0
29,5,5,141,195,1413,7,4,9,17,1.89,0,1,1,10,10.0,0,4,2,0,0,0
23,16,7,0,0,0,0,0,1,5,5.0,0,53,26,445,17.12,5,2,0,5,0,0
25,10,9,0,0,0,0,0,5,52,10.4,0,55,40,519,12.98,3,1,0,3,0,0
24,7,7,0,0,0,0,0,0,0,0.0,0,45,32,503,15.72,4,0,0,4,0,0
22,16,12,0,0,0,0,0,0,0,0.0,0,56,39,502,12.87,4,2,0,4,0,0
22,16,3,0,0,0,0,0,0,0,0.0,0,50,34,552,16.24,3,0,0,3,0,0
23,16,8,0,0,0,0,0,0,0,0.0,0,66,42,487,11.6,4,1,0,4,0,0
22,15,7,0,0,0,0,0,0,0,0.0,0,44,28,427,15.25,5,0,0,5,0,0
24,16,10,0,0,0,0,0,2,29,14.5,0,73,38,581,15.29,2,0,0,2,0,0
24,13,3,0,0,0,0,0,0,0,0.0,0,44,27,541,20.04,3,0,0,3,0,0
26,16,10,0,0,0,0,0,1,13,13.0,0,95,62,651,10.5,1,0,0,1,0,0
30,16,7,0,0,0,0,0,0,0,0.0,0,55,35,532,15.2,3,0,0,3,0,0
23,16,8,0,0,0,0,0,2,8,4.0,0,53,29,402,13.86,5,0,0,5,0,0
23,14,0,0,0,0,0,0,90,315,3.5,4,32,27,152,5.63,0,1,0,4,0,0
26,7,3,1,1,52,1,0,8,16,2.0,0,35,26,391,15.04,4,0,0,4,0,0
33,15,15,1,1,28,1,0,1,-2,-2.0,0,79,59,575,9.75,1,2,0,1,0,0
28,7,5,113,178,1247,6,4,8,21,2.63,0,0,0,0,0.0,0,1,1,0,0,1
24,8,3,0,0,0,0,0,92,276,3.0,3,31,19,193,10.16,1,2,2,4,0,0
28,13,8,0,0,0,0,0,0,0,0.0,0,84,54,558,10.33,2,1,1,2,0,0
26,15,12,0,0,0,0,0,0,0,0.0,0,78,44,532,12.09,2,0,0,2,0,0
22,16,8,0,0,0,0,0,0,0,0.0,0,68,33,507,15.36,2,0,0,2,1,0
30,13,1,0,0,0,0,0,115,385,3.35,1,21,13,205,15.77,0,1,0,1,0,0
28,11,8,0,0,0,0,0,4,9,2.25,0,43,23,395,17.17,4,1,0,4,0,0
32,6,6,0,0,0,0,0,90,376,4.18,3,20,15,84,5.6,0,0,0,3,0,0
24,16,10,0,0,0,0,0,1,-4,-4.0,0,72,53,485,9.15,2,1,0,2,2,0
24,13,10,0,0,0,0,0,4,9,2.25,0,58,21,210,10.0,7,0,0,7,0,0
22,14,3,0,0,0,0,0,56,256,4.57,0,29,26,199,7.65,3,1,0,3,0,0
27,16,2,0,0,0,0,0,0,0,0.0,0,49,30,289,9.63,6,1,1,6,0,0
27,11,3,0,0,0,0,0,67,403,6.01,2,9,5,41,8.2,1,0,0,3,0,0
27,15,7,0,0,0,0,0,3,5,1.67,0,64,45,494,10.98,2,0,0,2,0,0
25,16,15,0,0,0,0,0,0,0,0.0,0,64,43,439,10.21,3,0,0,3,0,0
27,12,4,0,0,0,0,0,56,211,3.77,3,48,35,218,6.23,0,0,0,3,0,0
22,14,0,0,0,0,0,0,85,419,4.93,2,12,9,75,8.33,0,0,0,2,0,0
30,12,1,0,0,0,0,0,111,428,3.86,2,13,8,73,9.13,0,2,1,2,0,0
27,14,0,0,0,0,0,0,41,110,2.68,3,43,35,196,5.6,2,1,1,5,0,0
24,11,0,0,0,0,0,0,68,259,3.81,2,25,22,192,8.73,0,4,0,2,1,0
26,16,13,0,0,0,0,0,0,0,0.0,0,52,32,334,10.44,5,2,2,5,0,0
27,13,2,0,0,0,0,0,51,246,4.82,2,23,20,224,11.2,0,0,0,2,0,0
23,16,8,0,0,0,0,0,0,0,0.0,0,44,33,334,10.12,4,0,0,4,0,0
27,14,3,0,0,0,0,0,40,171,4.28,0,74,61,384,6.3,0,0,0,0,0,0
29,16,6,0,0,0,0,0,2,39,19.5,0,59,43,447,10.4,1,3,1,1,1,0
25,9,7,0,0,0,0,0,4,30,7.5,0,49,29,388,13.38,2,0,0,2,0,0
24,16,0,0,0,0,0,0,2,16,8.0,0,50,33,320,9.7,3,0,0,3,1,0
24,16,7,0,0,0,0,0,0,0,0.0,0,39,30,423,14.1,2,0,0,2,0,0
33,9,9,0,0,0,0,0,0,0,0.0,0,38,27,291,10.78,4,0,0,4,0,0
30,14,0,0,0,0,0,0,0,0,0.0,0,35,17,231,13.59,5,0,0,5,0,0
24,16,5,0,0,0,0,0,0,0,0.0,0,33,22,288,13.09,4,0,0,4,0,0
38,16,4,0,0,0,0,0,0,0,0.0,0,46,35,400,11.43,2,0,0,2,0,0
25,16,11,0,0,0,0,0,0,0,0.0,0,70,38,491,12.92,1,2,2,1,0,0
34,14,8,0,0,0,0,0,0,0,0.0,0,36,25,367,14.68,2,0,0,2,1,0
26,10,2,0,0,0,0,0,1,5,5.0,0,34,21,268,12.76,2,0,0,4,0,0
23,13,5,0,0,0,0,0,0,0,0.0,0,56,37,466,12.59,1,1,1,1,0,0
28,10,0,0,0,0,0,0,43,178,4.14,0,55,41,268,6.54,1,1,0,1,0,0
26,16,0,0,0,0,0,0,34,183,5.38,1,51,38,275,7.24,0,1,1,1,0,0
25,16,2,0,0,0,0,0,4,29,7.25,0,42,32,290,9.06,3,0,0,3,0,0
32,4,3,52,91,590,3,4,23,120,5.22,1,0,0,0,0.0,0,2,0,1,0,2
27,8,1,0,0,0,0,0,55,265,4.82,3,10,7,56,8.0,0,0,0,3,0,0
26,11,10,0,0,0,0,0,1,0,0.0,0,68,38,449,11.82,1,2,1,1,0,0
24,16,4,0,0,0,0,0,0,0,0.0,0,36,27,307,11.37,3,0,0,3,0,0
30,7,7,0,0,0,0,0,80,343,4.29,0,18,11,110,10.0,1,2,1,1,0,0
28,9,6,0,0,0,0,0,0,0,0.0,0,61,38,383,10.08,2,2,1,2,0,0
24,6,0,0,0,0,0,0,60,333,5.55,2,7,6,51,8.5,0,2,1,2,0,0
27,3,3,53,89,718,5,3,8,33,4.13,0,0,0,0,0.0,0,4,0,0,0,1
29,9,4,0,0,0,0,0,0,0,0.0,0,39,28,304,10.86,3,0,0,3,0,0
28,16,2,0,0,0,0,0,0,0,0.0,0,19,14,166,11.86,5,0,0,5,0,0
38,16,1,0,0,0,0,0,0,0,0.0,0,45,28,333,11.89,2,1,1,2,2,0
25,12,0,0,0,0,0,0,21,103,4.9,3,23,16,115,7.19,1,1,0,4,0,0
23,13,1,0,0,0,0,0,50,206,4.12,2,19,15,135,9.0,0,0,0,2,0,0
25,13,0,0,0,0,0,0,41,188,4.59,1,40,25,235,9.4,0,2,1,1,0,0
25,10,2,0,0,0,0,0,4,2,0.5,0,25,16,340,21.25,2,0,0,2,0,0
35,6,2,0,0,0,0,0,29,120,4.14,1,23,15,160,10.67,2,0,0,3,0,0
22,16,10,0,0,0,0,0,0,0,0.0,0,27,20,215,10.75,4,0,0,4,0,0
28,16,0,0,0,0,0,0,33,106,3.21,1,45,38,304,8.0,0,1,1,1,0,0
24,16,13,0,0,0,0,0,1,16,16.0,0,47,26,316,12.15,2,0,0,2,0,0
22,16,6,0,0,0,0,0,0,0,0.0,0,49,36,333,9.25,2,0,0,2,0,0
25,15,9,0,0,0,0,0,0,0,0.0,0,43,29,269,9.28,3,1,0,3,0,0
27,15,10,0,0,0,0,0,0,0,0.0,0,67,25,380,15.2,1,0,0,1,0,0
23,13,12,0,0,0,0,0,0,0,0.0,0,30,20,258,12.9,3,1,0,3,0,0
24,16,3,0,0,0,0,0,60,336,5.6,1,17,16,85,5.31,0,2,2,1,0,0
22,16,0,0,0,0,0,0,60,208,3.47,2,23,20,103,5.15,0,1,0,2,0,0
28,14,9,0,0,0,0,0,0,0,0.0,0,76,37,371,10.03,1,0,0,1,0,0
24,5,4,0,0,0,0,0,0,0,0.0,0,30,20,303,15.15,2,1,0,2,0,0
27,16,7,0,0,0,0,0,0,0,0.0,0,35,20,295,14.75,2,1,0,2,0,0
26,14,3,0,0,0,0,0,0,0,0.0,0,28,20,300,15.0,2,0,0,2,0,0
25,16,16,0,0,0,0,0,0,0,0.0,0,34,24,292,12.17,2,1,0,2,0,0
29,4,3,42,85,473,2,2,16,125,7.81,1,0,0,0,0.0,0,3,0,1,0,0
26,11,10,0,0,0,0,0,0,0,0.0,0,48,31,281,9.06,2,0,0,2,0,0
24,16,4,0,0,0,0,0,2,10,5.0,0,46,27,268,9.93,2,0,0,2,0,0
23,15,5,0,0,0,0,0,0,0,0.0,0,69,34,343,10.09,1,0,0,1,0,0
28,14,10,0,0,0,0,0,0,0,0.0,0,52,35,334,9.54,1,0,0,1,0,0
25,5,4,85,131,709,2,2,19,123,6.47,0,0,0,0,0.0,0,5,3,0,0,0
26,7,4,0,0,0,0,0,2,9,4.5,0,35,20,262,13.1,2,0,0,2,0,0
25,4,3,0,0,0,0,0,45,184,4.09,3,6,5,20,4.0,0,1,1,3,1,0
27,16,14,0,0,0,0,0,8,30,3.75,0,41,30,324,10.8,1,2,2,1,0,0
25,11,7,0,0,0,0,0,0,0,0.0,0,47,24,309,12.88,1,0,0,1,0,0
25,16,4,0,0,0,0,0,3,17,5.67,0,41,23,315,13.7,1,2,1,1,0,0
29,8,1,0,0,0,0,0,1,-1,-1.0,0,30,16,252,15.75,2,0,0,2,0,0
28,8,4,0,0,0,0,0,57,186,3.26,0,20,14,131,9.36,1,2,1,1,0,0
33,5,3,0,0,0,0,0,3,26,8.67,0,30,17,209,12.29,2,1,1,2,1,0
23,14,5,0,0,0,0,0,0,0,0.0,0,45,30,243,8.1,2,0,0,2,0,0
23,15,7,0,0,0,0,0,0,0,0.0,0,53,35,302,8.63,1,0,0,1,0,0
21,6,2,0,0,0,0,0,3,0,0.0,0,41,28,287,10.25,1,0,0,1,0,0
28,6,6,0,0,0,0,0,0,0,0.0,0,33,26,245,9.42,2,1,1,2,0,0
30,14,12,0,0,0,0,0,0,0,0.0,0,34,25,272,10.88,1,0,0,1,1,0
32,8,8,0,0,0,0,0,0,0,0.0,0,46,24,286,11.92,1,0,0,1,0,0
23,8,1,0,0,0,0,0,10,66,6.6,2,30,18,179,9.94,0,2,1,2,0,0
25,12,0,0,0,0,0,0,43,212,4.93,0,7,5,52,10.4,1,0,0,1,1,0
27,15,3,0,0,0,0,0,0,0,0.0,0,25,12,164,13.67,3,0,0,3,0,0
31,10,1,0,0,0,0,0,1,9,9.0,0,13,12,143,11.92,3,0,0,3,0,0
29,8,3,61,101,626,4,4,6,0,0.0,0,0,0,0,0.0,0,0,0,0,0,0
25,8,1,0,0,0,0,0,0,0,0.0,0,21,13,209,16.08,2,0,0,2,0,0
26,9,0,0,0,0,0,0,34,261,7.68,1,7,6,25,4.17,0,1,1,1,0,0
29,11,6,0,0,0,0,0,0,0,0.0,0,31,17,190,11.18,2,0,0,2,1,0
22,12,7,0,0,0,0,0,1,5,5.0,0,36,21,328,15.62,0,0,0,0,0,0
24,16,1,0,0,0,0,0,6,21,3.5,0,44,36,253,7.03,1,2,0,1,0,0
28,7,0,0,0,0,0,0,6,55,9.17,0,13,8,140,17.5,2,0,0,2,0,0
24,16,0,0,0,0,0,0,38,113,2.97,1,25,17,144,8.47,0,0,0,1,0,0
27,16,10,0,0,0,0,0,0,0,0.0,0,24,21,263,12.52,1,0,0,1,0,0
23,6,2,0,0,0,0,0,66,266,4.03,0,15,12,98,8.17,0,3,2,0,0,0
30,16,8,0,0,0,0,0,6,8,1.33,4,17,12,61,5.08,0,0,0,4,0,0
24,15,2,0,0,0,0,0,51,176,3.45,1,22,14,89,6.36,0,2,1,1,0,0
28,14,11,0,0,0,0,0,0,0,0.0,0,43,24,305,12.71,0,0,0,0,0,0
26,12,7,0,0,0,0,0,2,10,5.0,0,47,28,304,10.86,0,1,0,0,0,0
28,16,4,3,7,64,0,1,37,196,5.3,2,7,3,4,1.33,0,1,1,2,0,0
26,15,3,0,0,0,0,0,0,0,0.0,0,26,19,190,10.0,2,0,0,2,0,0
26,15,5,0,0,0,0,0,0,0,0.0,0,37,24,250,10.42,1,0,0,1,0,0
28,12,0,0,0,0,0,0,0,0,0.0,0,19,10,188,18.8,2,0,0,2,0,0
32,5,2,53,76,515,3,2,13,3,0.23,0,1,1,8,8.0,0,4,0,0,0,0
32,16,11,0,0,0,0,0,0,0,0.0,0,12,11,117,10.64,3,0,0,3,0,0
25,9,9,0,0,0,0,0,0,0,0.0,0,32,26,242,9.31,1,0,0,1,0,0
24,14,0,0,0,0,0,0,0,0,0.0,0,41,26,215,8.27,1,1,0,1,1,0
23,12,0,0,0,0,0,0,36,191,5.31,1,11,9,56,6.22,0,1,1,1,0,0
29,12,3,0,0,0,0,0,7,41,5.86,0,24,12,186,15.5,1,0,0,1,0,0
27,7,3,0,1,0,0,0,1,2,2.0,0,42,31,224,7.23,1,1,0,1,0,0
23,12,0,0,0,0,0,0,0,0,0.0,0,20,19,225,11.84,1,0,0,1,0,0
30,16,11,0,0,0,0,0,1,0,0.0,0,21,15,165,11.0,2,0,0,2,0,0
24,15,3,0,0,0,0,0,0,0,0.0,0,35,22,259,11.77,1,2,2,2,0,0
22,4,4,0,0,0,0,0,0,0,0.0,0,14,8,156,19.5,2,0,0,2,0,0
27,11,1,0,0,0,0,0,52,250,4.81,0,19,11,26,2.36,0,1,0,0,0,0
24,8,2,0,0,0,0,0,0,0,0.0,0,20,9,100,11.11,3,0,0,3,0,0
22,14,6,0,0,0,0,0,0,0,0.0,0,38,16,217,13.56,1,0,0,1,0,0
22,2,1,20,31,266,2,0,5,19,3.8,1,0,0,0,0.0,0,0,0,1,0,0
27,8,2,0,0,0,0,0,3,23,7.67,0,27,19,266,14.0,0,1,1,0,0,0
30,16,16,0,0,0,0,0,0,0,0.0,0,27,19,210,11.05,1,0,0,1,0,0
32,3,2,34,54,372,3,3,10,63,6.3,0,0,0,0,0.0,0,1,0,0,0,0
25,16,0,0,0,0,0,0,5,17,3.4,0,25,19,196,10.32,1,0,0,1,0,0
22,13,2,0,0,0,0,0,0,0,0.0,0,28,19,210,11.05,1,0,0,1,0,0
26,7,2,0,0,0,0,0,0,0,0.0,0,10,8,87,10.88,3,0,0,3,0,0
28,16,0,0,0,0,0,0,8,91,11.38,2,3,3,13,4.33,1,1,1,3,0,0
27,10,5,0,0,0,0,0,0,0,0.0,0,27,16,199,12.44,1,1,0,1,0,0
32,6,5,0,0,0,0,0,0,0,0.0,0,16,12,135,11.25,2,0,0,2,0,0
30,16,1,0,0,0,0,0,2,20,10.0,0,17,10,79,7.9,1,3,1,3,0,0
25,9,1,0,0,0,0,0,0,0,0.0,0,13,7,133,19.0,2,0,0,2,0,0
27,16,0,0,0,0,0,0,0,0,0.0,0,22,14,133,9.5,2,1,0,2,0,0
28,16,11,0,0,0,0,0,0,0,0.0,0,24,16,185,11.56,1,0,0,1,0,0
26,6,2,0,0,0,0,0,0,0,0.0,0,16,11,190,17.27,1,0,0,1,0,0
31,16,4,0,0,0,0,0,0,0,0.0,0,11,10,73,7.3,3,0,0,3,0,0
26,16,1,0,0,0,0,0,44,127,2.89,1,12,9,60,6.67,0,0,0,1,0,0
24,14,3,0,0,0,0,0,0,0,0.0,0,28,13,160,12.31,1,0,0,1,1,0
28,4,2,0,0,0,0,0,0,0,0.0,0,19,15,179,11.93,1,0,0,1,0,0
24,10,7,0,0,0,0,0,1,9,9.0,0,46,17,171,10.06,1,0,0,1,0,0
26,16,6,0,0,0,0,0,0,0,0.0,0,25,17,225,13.24,0,0,0,0,0,0
23,13,2,0,0,0,0,0,0,0,0.0,0,14,9,130,14.44,1,2,1,2,0,0
30,16,3,0,0,0,0,0,0,0,0.0,0,25,19,170,8.95,1,0,0,1,0,0
25,14,2,0,0,0,0,0,0,0,0.0,0,14,9,97,10.78,2,0,0,2,0,0
25,12,0,0,0,0,0,0,1,0,0.0,0,23,13,163,12.54,1,0,0,1,0,0
23,10,1,0,0,0,0,0,0,0,0.0,0,19,12,150,12.5,1,1,0,1,0,0
24,7,6,0,0,0,0,0,0,0,0.0,0,31,15,154,10.27,1,0,0,1,0,0
25,16,13,0,0,0,0,0,0,0,0.0,0,37,23,213,9.26,0,0,0,0,0,0
30,15,1,0,0,0,0,0,0,0,0.0,0,8,5,90,18.0,2,0,0,2,0,0
25,16,0,0,0,0,0,0,2,0,0.0,0,19,10,149,14.9,1,0,0,1,0,0
39,4,3,60,110,539,1,4,5,32,6.4,0,0,0,0,0.0,0,0,0,0,0,0
26,14,9,0,0,0,0,0,0,0,0.0,0,38,24,214,8.92,0,0,0,0,0,0
24,13,6,0,0,0,0,0,3,8,2.67,0,17,16,143,8.94,1,0,0,1,0,0
29,16,2,0,0,0,0,0,0,0,0.0,0,25,14,117,8.36,1,0,0,1,1,0
25,14,4,0,0,0,0,0,1,7,7.0,0,25,22,216,9.82,0,5,1,0,0,0
34,7,2,0,0,0,0,0,0,0,0.0,0,23,11,136,12.36,1,0,0,1,0,0
29,13,3,0,0,0,0,0,0,0,0.0,0,24,10,100,10.0,1,0,0,1,1,0
23,16,7,0,0,0,0,0,0,0,0.0,0,32,22,202,9.18,0,1,1,0,0,0
25,16,7,0,0,0,0,0,2,5,2.5,0,10,8,112,14.0,1,0,0,1,0,0
28,16,6,0,0,0,0,0,9,41,4.56,0,10,5,14,2.8,2,0,0,2,0,0
28,1,1,15,25,232,2,0,3,-2,-0.67,0,0,0,0,0.0,0,0,0,0,0,0
24,9,0,0,0,0,0,0,1,14,14.0,0,4,2,94,47.0,1,0,0,1,0,0
26,16,6,0,0,0,0,0,3,22,7.33,0,29,20,167,8.35,0,1,1,0,0,0
26,16,0,1,1,21,0,0,1,2,2.0,0,15,11,101,9.18,0,0,0,1,0,0
23,15,4,0,0,0,0,0,0,0,0.0,0,24,14,114,8.14,1,0,0,1,0,0
29,13,12,0,0,0,0,0,0,0,0.0,0,36,21,184,8.76,0,1,1,0,0,0
30,15,3,0,0,0,0,0,0,0,0.0,0,24,13,162,12.46,0,0,0,0,0,0
24,5,0,0,0,0,0,0,1,-2,-2.0,0,8,6,102,17.0,1,0,0,1,0,0
26,5,2,0,0,0,0,0,0,0,0.0,0,11,8,103,12.88,1,0,0,1,0,0
26,15,1,0,0,0,0,0,0,0,0.0,0,11,9,102,11.33,1,0,0,1,0,0
30,16,1,0,0,0,0,0,1,2,2.0,0,9,8,96,12.0,1,0,0,1,0,0
29,13,6,0,0,0,0,0,0,0,0.0,0,30,17,161,9.47,0,0,0,0,0,0
22,11,0,0,0,0,0,0,0,0,0.0,0,32,14,174,12.43,0,1,1,0,0,0
23,10,0,0,0,0,0,0,20,157,7.85,0,2,1,9,9.0,0,1,1,0,0,0
26,6,1,0,0,0,0,0,0,0,0.0,0,10,9,114,12.67,1,1,1,1,0,0
25,9,1,0,0,0,0,0,9,16,1.78,0,10,8,78,9.75,1,0,0,1,0,0
26,12,7,0,0,0,0,0,0,0,0.0,0,10,8,86,10.75,1,0,0,1,0,0
31,15,10,0,0,0,0,0,0,0,0.0,0,9,9,91,10.11,1,0,0,1,0,0
26,5,5,0,0,0,0,0,0,0,0.0,0,19,11,90,8.18,1,0,0,1,0,0
26,16,4,0,0,0,0,0,0,0,0.0,0,14,9,86,9.56,1,0,0,1,0,0
22,7,1,0,0,0,0,0,0,0,0.0,0,10,5,91,18.2,1,0,0,1,0,0
24,13,0,0,0,0,0,0,27,154,5.7,0,0,0,0,0.0,0,0,0,0,0,0
24,16,2,0,0,0,0,0,9,15,1.67,2,1,1,5,5.0,0,0,0,2,0,0
28,9,0,0,0,0,0,0,19,69,3.63,1,4,3,15,5.0,0,0,0,1,0,0
21,5,1,0,0,0,0,0,0,0,0.0,0,15,10,143,14.3,0,0,0,0,0,0
25,6,1,35,57,320,1,3,5,31,6.2,0,0,0,0,0.0,0,1,0,0,0,0
24,8,3,0,0,0,0,0,0,0,0.0,0,24,11,80,7.27,1,0,0,1,0,0
21,9,0,0,0,0,0,0,23,44,1.91,1,9,7,33,4.71,0,0,0,1,0,0
23,3,2,0,0,0,0,0,1,0,0.0,0,10,9,75,8.33,1,0,0,1,0,0
23,13,3,0,0,0,0,0,0,0,0.0,0,20,13,144,11.08,0,0,0,0,0,0
24,16,1,0,0,0,0,0,0,0,0.0,0,6,4,77,19.25,1,0,0,1,0,0
31,3,3,50,80,400,2,4,2,7,3.5,0,0,0,0,0.0,0,3,2,0,0,0
28,16,2,0,0,0,0,0,0,0,0.0,0,12,7,67,9.57,1,0,0,1,0,0
25,13,4,0,0,0,0,0,0,0,0.0,0,7,5,74,14.8,1,0,0,1,0,0
24,4,2,44,81,296,1,7,10,50,5.0,1,0,0,0,0.0,0,0,0,1,0,0
22,6,1,0,0,0,0,0,1,4,4.0,0,17,11,129,11.73,0,0,0,0,0,0
24,6,4,0,0,0,0,0,0,0,0.0,0,6,5,48,9.6,1,0,0,1,1,0
23,6,0,0,0,0,0,0,13,44,3.38,0,3,3,27,9.0,1,0,0,1,0,0
28,8,1,0,0,0,0,0,0,0,0.0,0,10,6,60,10.0,1,0,0,1,0,0
29,10,0,0,0,0,0,0,29,80,2.76,1,4,3,18,6.0,0,2,2,1,0,0
22,11,7,0,0,0,0,0,0,0,0.0,0,17,12,116,9.67,0,0,0,0,0,0
27,4,0,0,0,0,0,0,0,0,0.0,0,5,3,48,16.0,1,0,0,1,0,0
29,2,0,15,21,174,1,0,0,0,0.0,0,0,0,0,0.0,0,0,0,0,0,0
27,5,1,0,0,0,0,0,13,40,3.08,0,12,9,67,7.44,0,0,0,0,0,0
31,15,1,0,0,0,0,0,2,12,6.0,0,6,6,40,6.67,0,2,0,1,0,0
26,7,3,0,0,0,0,0,2,10,5.0,0,3,3,60,20.0,1,1,1,1,0,0
26,16,4,0,0,0,0,0,0,0,0.0,0,5,2,52,26.0,1,0,0,1,0,0
24,2,1,0,0,0,0,0,21,79,3.76,0,5,3,21,7.0,0,0,0,0,0,0
22,4,0,0,0,0,0,0,27,74,2.74,0,3,2,27,13.5,0,0,0,0,0,0
29,6,1,0,0,0,0,0,1,-3,-3.0,0,13,10,98,9.8,0,0,0,0,0,0
26,3,3,0,0,0,0,0,1,-4,-4.0,0,14,12,79,6.58,0,1,0,0,1,0
24,16,9,0,0,0,0,0,0,0,0.0,0,9,5,41,8.2,1,0,0,1,0,0
25,5,0,0,0,0,0,0,1,6,6.0,0,5,3,29,9.67,1,1,0,1,0,0
26,4,0,0,0,0,0,0,1,21,21.0,0,6,6,75,12.5,0,0,0,0,0,0
25,10,0,0,0,0,0,0,30,115,3.83,0,1,1,9,9.0,0,1,1,0,0,0
27,3,0,0,0,0,0,0,2,-1,-0.5,0,3,2,37,18.5,1,0,0,1,0,0
23,3,3,0,0,0,0,0,0,0,0.0,0,13,8,85,10.63,0,0,0,0,0,0
22,1,0,0,0,0,0,0,7,-1,-0.14,0,2,2,28,14.0,1,1,0,1,0,0
26,2,2,0,0,0,0,0,14,68,4.86,0,7,5,23,4.6,0,0,0,0,0,0
25,15,2,0,0,0,0,0,6,8,1.33,0,15,11,85,7.73,0,0,0,0,0,0
23,11,0,0,1,0,0,1,0,0,0.0,0,10,9,105,11.67,0,0,0,0,0,0
26,9,0,0,0,0,0,0,0,0,0.0,0,8,4,92,23.0,0,0,0,0,0,0
28,14,8,0,0,0,0,0,0,0,0.0,0,19,13,87,6.69,0,0,0,0,0,0
23,11,2,0,0,0,0,0,1,1,1.0,0,11,8,82,10.25,0,1,0,0,0,0
24,8,1,0,0,0,0,0,1,5,5.0,0,8,5,71,14.2,0,0,0,0,0,0
23,16,3,0,0,0,0,0,0,0,0.0,0,7,5,77,15.4,0,0,0,0,0,0
28,11,2,0,0,0,0,0,0,0,0.0,0,8,3,17,5.67,1,0,0,1,0,0
25,14,3,0,0,0,0,0,7,25,3.57,0,9,8,50,6.25,0,0,0,0,0,0
27,12,3,1,1,15,0,0,0,0,0.0,0,17,12,77,6.42,0,0,0,0,0,0
21,14,0,0,0,0,0,0,14,34,2.43,0,8,5,41,8.2,0,0,0,0,0,0
35,2,2,42,70,465,0,4,1,-1,-1.0,0,0,0,0,0.0,0,3,2,0,0,0
28,9,0,0,0,0,0,0,19,71,3.74,0,1,1,3,3.0,0,1,0,0,0,0
27,10,4,0,0,0,0,0,0,0,0.0,0,11,8,67,8.38,0,0,0,0,0,0
26,5,1,14,23,118,1,1,11,5,0.45,0,0,0,0,0.0,0,0,0,0,0,0
29,16,5,0,0,0,0,0,1,9,9.0,0,4,3,62,20.67,0,0,0,0,0,0
30,13,11,0,0,0,0,0,0,0,0.0,0,12,9,94,10.44,0,1,1,0,0,0
26,16,2,0,0,0,0,0,0,0,0.0,0,8,6,86,14.33,0,1,1,0,0,0
24,9,0,0,0,0,0,0,11,49,4.45,0,2,2,19,9.5,0,0,0,0,0,0
25,9,1,0,0,0,0,0,0,0,0.0,0,11,5,67,13.4,0,0,0,0,0,0
26,15,12,0,0,0,0,0,0,0,0.0,0,14,8,72,9.0,0,0,0,0,0,0
22,15,0,0,0,0,0,0,0,0,0.0,0,10,6,63,10.5,0,0,0,0,0,0
24,4,2,0,0,0,0,0,0,0,0.0,0,8,6,61,10.17,0,0,0,0,0,0
27,12,2,0,0,0,0,0,0,0,0.0,0,2,1,1,1.0,1,0,0,1,0,0
26,14,2,0,0,0,0,0,4,0,0.0,0,19,7,64,9.14,0,0,0,0,0,0
29,16,1,0,0,0,0,0,0,0,0.0,0,2,1,2,2.0,1,0,0,1,0,0
24,5,0,0,0,0,0,0,0,0,0.0,0,5,3,61,20.33,0,1,0,0,0,0
29,5,1,0,0,0,0,0,0,0,0.0,0,7,6,53,8.83,0,0,0,0,0,0
25,16,10,0,0,0,0,0,0,0,0.0,0,8,7,48,6.86,0,0,0,0,0,0
23,8,0,0,0,0,0,0,11,47,4.27,0,3,2,1,0.5,0,0,0,0,0,0
22,8,2,0,0,0,0,0,0,0,0.0,0,8,5,54,10.8,0,0,0,0,0,0
24,15,4,0,0,0,0,0,0,0,0.0,0,7,3,45,15.0,0,0,0,0,0,0
23,15,0,0,0,0,0,0,0,0,0.0,0,3,1,48,48.0,0,0,0,0,0,0
25,8,1,0,0,0,0,0,0,0,0.0,0,5,4,52,13.0,0,0,0,0,0,0
22,3,0,20,42,187,0,2,5,39,7.8,0,0,0,0,0.0,0,1,1,0,0,0
24,16,1,0,0,0,0,0,0,0,0.0,0,9,5,48,9.6,0,0,0,0,0,0
23,15,2,0,0,0,0,0,0,0,0.0,0,11,6,50,8.33,0,0,0,0,0,0
26,5,4,0,0,0,0,0,0,0,0.0,0,8,6,47,7.83,0,0,0,0,0,0
25,2,0,1,2,22,1,0,2,-2,-1.0,0,0,0,0,0.0,0,0,0,0,0,0
23,5,0,0,0,0,0,0,8,30,3.75,0,4,2,21,10.5,0,0,0,0,0,0
34,1,1,0,0,0,0,0,0,0,0.0,0,7,4,52,13.0,0,0,0,0,0,0
23,5,0,0,0,0,0,0,0,0,0.0,0,5,4,52,13.0,0,0,0,0,0,0
24,3,0,0,0,0,0,0,0,0,0.0,0,4,4,39,9.75,0,0,0,0,0,0
28,16,6,0,0,0,0,0,1,0,0.0,0,9,6,41,6.83,0,0,0,0,0,0
24,15,2,0,0,0,0,0,0,0,0.0,0,5,3,42,14.0,0,0,0,0,0,0
23,7,0,0,0,0,0,0,0,0,0.0,0,8,4,40,10.0,0,0,0,0,0,0
25,9,0,0,0,0,0,0,0,0,0.0,0,3,3,35,11.67,0,1,0,0,0,0
22,6,0,0,0,0,0,0,0,0,0.0,0,3,2,37,18.5,0,0,0,0,0,0
26,8,1,0,0,0,0,0,0,0,0.0,0,8,6,60,10.0,0,2,1,0,0,0
26,5,2,0,0,0,0,0,0,0,0.0,0,6,4,36,9.0,0,0,0,0,0,0
34,16,4,0,0,0,0,0,0,0,0.0,0,4,3,39,13.0,0,0,0,0,0,0
24,10,0,0,0,0,0,0,2,2,1.0,0,7,7,37,5.29,0,0,0,0,0,0
25,14,3,0,0,0,0,0,3,3,1.0,0,3,2,35,17.5,0,0,0,0,0,0
24,6,0,0,0,0,0,0,3,9,3.0,0,6,4,30,7.5,0,0,0,0,0,0
25,11,6,0,0,0,0,0,0,0,0.0,0,6,5,36,7.2,0,0,0,0,0,0
26,16,0,0,0,0,0,0,1,4,4.0,0,6,4,38,9.5,0,0,0,0,0,0
23,5,0,0,0,0,0,0,8,32,4.0,0,4,3,5,1.67,0,0,0,0,0,0
31,8,4,0,0,0,0,0,0,0,0.0,0,3,3,38,12.67,0,0,0,0,0,0
21,7,0,0,0,0,0,0,0,0,0.0,0,12,4,35,8.75,0,0,0,0,0,0
23,3,1,0,0,0,0,0,0,0,0.0,0,6,3,37,12.33,0,0,0,0,0,0
24,6,0,0,0,0,0,0,8,36,4.5,0,0,0,0,0.0,0,0,0,0,0,0
28,13,8,0,0,0,0,0,0,0,0.0,0,4,3,27,9.0,0,0,0,0,0,0
28,15,0,0,0,0,0,0,11,20,1.82,0,2,1,9,9.0,0,0,0,0,0,0
28,4,0,0,0,0,0,0,16,43,2.69,0,1,1,9,9.0,0,1,1,0,0,0
26,1,0,0,0,0,0,0,4,25,6.25,0,1,1,6,6.0,0,0,0,0,0,0
27,1,0,0,0,0,0,0,9,25,2.78,0,0,0,0,0.0,0,0,0,0,0,0
26,13,1,0,0,0,0,0,0,0,0.0,0,10,5,33,6.6,0,0,0,0,0,0
26,13,0,0,0,0,0,0,0,0,0.0,0,3,2,25,12.5,0,0,0,0,0,0
23,5,0,0,0,0,0,0,6,29,4.83,0,5,3,5,1.67,0,0,0,0,0,0
24,4,0,0,0,0,0,0,0,0,0.0,0,5,4,32,8.0,0,0,0,0,0,0
29,14,4,0,0,0,0,0,1,0,0.0,0,4,4,15,3.75,0,0,0,0,0,0
29,1,0,0,0,0,0,0,11,17,1.55,0,1,1,5,5.0,0,0,0,0,0,0
36,2,0,7,17,59,0,1,2,13,6.5,0,0,0,0,0.0,0,0,0,0,0,0
27,13,2,0,0,0,0,0,0,0,0.0,0,5,3,23,7.67,0,0,0,0,0,0
28,16,4,0,0,0,0,0,2,3,1.5,0,3,2,17,8.5,0,0,0,0,0,0
24,8,0,0,0,0,0,0,0,0,0.0,0,2,1,44,44.0,0,1,1,0,0,0
25,13,10,0,0,0,0,0,0,0,0.0,0,1,1,24,24.0,0,0,0,0,0,0
23,11,0,0,0,0,0,0,2,19,9.5,0,0,0,0,0.0,0,0,0,0,0,0
25,4,0,0,0,0,0,0,0,0,0.0,0,3,1,22,22.0,0,0,0,0,0,0
26,7,0,0,0,0,0,0,4,16,4.0,0,0,0,0,0.0,0,0,0,0,0,0
27,1,0,2,3,40,0,0,0,0,0.0,0,0,0,0,0.0,0,0,0,0,0,0
23,14,0,0,0,0,0,0,0,0,0.0,0,3,2,17,8.5,0,0,0,0,0,0
27,5,0,0,0,0,0,0,0,0,0.0,0,13,3,21,7.0,0,0,0,0,0,0
25,4,0,0,0,0,0,0,6,16,2.67,0,1,0,0,0.0,0,0,0,0,0,0
29,8,0,0,0,0,0,0,0,0,0.0,0,9,5,24,4.8,0,0,0,0,0,0
22,10,1,0,0,0,0,0,2,4,2.0,0,6,5,36,7.2,0,2,1,0,0,0
24,5,0,0,0,0,0,0,1,-3,-3.0,0,3,3,22,7.33,0,0,0,0,0,0
29,6,3,0,0,0,0,0,0,0,0.0,0,3,3,18,6.0,0,0,0,0,0,0
26,16,3,0,0,0,0,0,1,0,0.0,0,6,5,23,4.6,0,0,0,0,0,0
31,3,0,0,0,0,0,0,6,17,2.83,0,0,0,0,0.0,0,0,0,0,0,0
24,1,1,0,0,0,0,0,0,0,0.0,0,1,1,23,23.0,0,0,0,0,0,0
23,4,0,0,0,0,0,0,1,4,4.0,0,2,2,17,8.5,0,0,0,0,0,0
22,6,0,0,0,0,0,0,0,0,0.0,0,3,2,20,10.0,0,0,0,0,0,0
25,3,0,0,0,0,0,0,6,15,2.5,0,0,0,0,0.0,0,0,0,0,0,0
28,4,0,0,0,0,0,0,0,0,0.0,0,5,2,17,8.5,0,0,0,0,0,0
29,3,2,0,0,0,0,0,0,0,0.0,0,3,2,18,9.0,0,0,0,0,0,0
25,16,0,0,0,0,0,0,0,0,0.0,0,2,1,23,23.0,0,0,0,0,0,0
25,10,0,0,0,0,0,0,1,1,1.0,0,4,3,28,9.33,0,1,1,0,0,0
23,6,0,0,0,0,0,0,0,0,0.0,0,4,1,10,10.0,0,0,0,0,0,0
26,8,1,0,0,0,0,0,0,0,0.0,0,1,1,6,6.0,0,0,0,0,0,0
25,8,0,0,0,0,0,0,0,0,0.0,0,2,1,8,8.0,0,0,0,0,0,0
32,2,0,0,0,0,0,0,6,7,1.17,0,3,2,7,3.5,0,0,0,0,0,0
25,12,0,0,0,0,0,0,0,0,0.0,0,2,1,12,12.0,0,0,0,0,0,0
25,14,3,0,0,0,0,0,0,0,0.0,0,5,2,9,4.5,0,0,0,0,0,0
23,5,0,6,12,43,0,1,4,11,2.75,0,0,0,0,0.0,0,0,0,0,0,0
23,11,0,0,0,0,0,0,0,0,0.0,0,2,2,14,7.0,0,0,0,0,0,0
23,3,1,0,0,0,0,0,0,0,0.0,0,1,1,14,14.0,0,0,0,0,0,0
28,3,0,2,6,21,0,0,0,0,0.0,0,0,0,0,0.0,0,0,0,0,0,0
24,16,0,0,0,0,0,0,0,0,0.0,0,1,1,10,10.0,0,0,0,0,0,0
24,3,0,0,0,0,0,0,0,0,0.0,0,2,1,8,8.0,0,0,0,0,0,0
33,1,0,2,3,29,0,0,1,3,3.0,0,0,0,0,0.0,0,0,0,0,0,0
26,2,0,0,0,0,0,0,4,8,2.0,0,0,0,0,0.0,0,0,0,0,0,0
23,16,0,0,0,0,0,0,0,0,0.0,0,2,1,7,7.0,0,0,0,0,0,0
30,1,1,0,0,0,0,0,0,0,0.0,0,4,2,7,3.5,0,0,0,0,0,0
23,2,0,0,0,0,0,0,0,0,0.0,0,2,1,8,8.0,0,0,0,0,0,0
23,1,0,0,0,0,0,0,0,0,0.0,0,1,1,7,7.0,0,0,0,0,0,0
26,2,0,0,0,0,0,0,0,0,0.0,0,1,1,5,5.0,0,0,0,0,0,0
22,9,0,0,0,0,0,0,0,0,0.0,0,5,1,12,12.0,0,0,0,0,0,0
25,5,0,0,0,0,0,0,3,8,2.67,0,1,0,0,0.0,0,0,0,0,0,0
23,2,0,0,0,0,0,0,4,8,2.0,0,0,0,0,0.0,0,0,0,0,0,0
28,1,0,0,0,0,0,0,2,9,4.5,0,0,0,0,0.0,0,0,0,0,0,0
24,10,0,0,0,0,0,0,0,0,0.0,0,1,1,5,5.0,0,0,0,0,0,0
29,16,4,0,0,0,0,0,0,0,0.0,0,4,2,13,6.5,0,0,0,0,0,0
24,12,9,0,0,0,0,0,0,0,0.0,0,4,3,11,3.67,0,0,0,0,0,0
23,2,0,0,0,0,0,0,0,0,0.0,0,1,1,9,9.0,0,0,0,0,0,0
26,7,0,0,0,0,0,0,0,0,0.0,0,1,1,7,7.0,0,0,0,0,0,0
27,8,4,0,0,0,0,0,0,0,0.0,0,4,2,9,4.5,0,0,0,0,0,0
26,3,0,0,0,0,0,0,0,0,0.0,0,3,2,11,5.5,0,0,0,0,0,0
23,12,0,0,0,0,0,0,0,0,0.0,0,3,1,5,5.0,0,0,0,0,0,0
26,16,5,0,0,0,0,0,4,11,2.75,0,1,1,2,2.0,0,0,0,0,0,0
32,16,0,0,0,0,0,0,0,0,0.0,0,3,2,13,6.5,0,0,0,0,0,0
24,3,0,0,0,0,0,0,0,0,0.0,0,1,1,14,14.0,0,1,0,0,0,0
26,14,0,0,0,0,0,0,0,0,0.0,0,0,0,0,0.0,0,0,0,0,0,0
25,12,0,0,0,0,0,0,1,-4,-4.0,0,2,1,7,7.0,0,0,0,0,0,0
24,3,0,0,0,0,0,0,0,0,0.0,0,1,0,0,0.0,0,1,0,0,0,0
23,7,0,0,0,0,0,0,0,0,0.0,0,1,0,0,0.0,0,1,0,0,0,0
24,11,3,0,0,0,0,0,0,0,0.0,0,2,0,0,0.0,0,0,0,0,0,0
26,14,0,0,0,0,0,0,0,0,0.0,0,1,0,0,0.0,0,0,0,0,0,0
24,7,0,0,0,0,0,0,0,0,0.0,0,0,0,0,0.0,0,0,0,0,0,0
24,4,0,0,0,0,0,0,0,0,0.0,0,0,0,0,0.0,0,0,0,0,0,0
34,16,0,0,0,0,0,0,0,0,0.0,0,0,0,0,0.0,0,0,0,0,0,0
25,5,0,0,0,0,0,0,0,0,0.0,0,0,0,0,0.0,0,0,0,0,0,0
26,3,0,0,0,0,0,0,2,19,9.5,0,0,0,0,0.0,0,1,1,0,0,0
31,14,2,0,0,0,0,0,1,-7,-7.0,0,2,1,9,9.0,0,0,0,0,0,0
27,1,0,0,0,0,0,0,0,0,0.0,0,1,0,0,0.0,0,0,0,0,0,0
24,1,0,0,0,0,0,0,1,-1,-1.0,0,0,0,0,0.0,0,0,0,0,0,0
25,7,2,0,0,0,0,0,0,0,0.0,0,0,0,0,0.0,0,0,0,0,0,0
26,3,0,0,0,0,0,0,0,0,0.0,0,0,0,0,0.0,0,0,0,0,0,0
26,3,0,2,3,23,0,0,7,-9,-1.29,0,0,0,0,0.0,0,0,0,0,0,0
26,1,0,0,0,0,0,0,0,0,0.0,0,0,0,0,0.0,0,0,0,0,0,0
27,4,0,0,0,0,0,0,0,0,0.0,0,1,0,0,0.0,0,0,0,0,0,0
28,2,0,1,3,8,0,0,3,-2,-0.67,0,0,0,0,0.0,0,1,0,0,0,0
24,1,0,0,0,0,0,0,0,0,0.0,0,0,0,0,0.0,0,0,0,0,0,0
25,2,0,0,0,0,0,0,0,0,0.0,0,0,0,0,0.0,0,0,0,0,0,0
27,16,0,0,0,0,0,0,0,0,0.0,0,0,0,0,0.0,0,0,0,0,0,0
25,1,0,0,0,0,0,0,0,0,0.0,0,0,0,0,0.0,0,0,0,0,0,0
32,2,1,19,35,138,0,3,1,8,8.0,0,0,0,0,0.0,0,1,0,0,0,0
37,3,0,5,7,20,0,0,1,0,0.0,0,1,1,-7,-7.0,0,1,0,0,0,0
33,16,0,0,0,0,0,0,0,0,0.0,0,0,0,0,0.0,0,0,0,0,0,0
30,16,16,0,0,0,0,0,0,0,0.0,0,0,0,0,0.0,0,0,0,0,0,0
31,1,0,0,0,0,0,0,0,0,0.0,0,0,0,0,0.0,0,1,0,0,0,0
24,1,0,0,0,0,0,0,0,0,0.0,0,0,0,0,0.0,0,0,0,0,0,0
25,5,0,0,0,0,0,0,0,0,0.0,0,2,1,2,2.0,0,0,0,0,0,0
27,1,1,0,0,0,0,0,0,0,0.0,0,0,0,0,0.0,0,0,0,0,0,0
32,2,2,0,0,0,0,0,0,0,0.0,0,3,0,0,0.0,0,0,0,0,0,0
35,1,0,0,0,0,0,0,1,-1,-1.0,0,0,0,0,0.0,0,0,0,0,0,0
27,1,0,0,0,0,0,0,0,0,0.0,0,0,0,0,0.0,0,0,0,0,0,0
25,5,0,0,0,0,0,0,0,0,0.0,0,1,0,0,0.0,0,0,0,0,0,0
24,3,0,0,0,0,0,0,3,0,0.0,0,1,1,1,1.0,0,0,0,0,0,0
25,4,0,2,4,2,0,0,7,-7,-1.0,0,0,0,0,0.0,0,0,0,0,0,0
33,5,0,1,2,7,0,0,11,-8,-0.73,0,0,0,0,0.0,0,0,0,0,0,0
23,12,0,0,0,0,0,0,0,0,0.0,0,3,2,15,7.5,0,1,1,0,0,0
28,5,0,1,4,8,0,0,8,2,0.25,0,0,0,0,0.0,0,1,1,0,0,0
30,3,0,0,0,0,0,0,1,-11,-11.0,0,0,0,0,0.0,0,0,0,0,0,0
29,2,0,0,0,0,0,0,4,10,2.5,0,2,1,3,3.0,0,1,1,0,0,0
26,2,0,0,0,0,0,0,0,0,0.0,0,0,0,0,0.0,0,1,1,0,0,0
26,4,0,0,0,0,0,0,1,0,0.0,0,1,1,3,3.0,0,2,1,0,0,0
23,2,0,0,5,0,0,1,1,-2,-2.0,0,0,0,0,0.0,0,0,0,0,0,0
